create, read_story, read_frontpage
945, 148927, 135523
164, 132984, 134933
176, 132880, 134088
183, 133029, 135522
187, 133486, 134791
175, 132904, 133594
176, 133733, 134640
173, 132402, 134048
167, 132650, 134328
172, 134038, 134945
148, 133680, 134685
181, 133165, 135259
198, 134409, 134647
182, 132693, 135096
182, 134315, 134677
178, 134000, 134052
201, 133447, 133929
181, 133774, 134573
222, 132885, 133628
176, 133110, 133875
223, 133207, 133867
205, 133285, 133606
182, 132724, 133906
204, 135021, 134638
221, 133073, 134933
203, 134210, 134269
205, 134140, 135270
171, 133197, 133956
198, 133797, 133451
181, 133283, 133111
169, 133833, 134406
169, 132815, 134441
186, 133821, 134529
171, 134241, 134043
169, 134002, 133641
181, 132968, 135282
202, 134391, 133991
181, 133743, 134100
166, 134155, 130350
181, 134386, 131363
196, 133767, 131126
144, 133165, 130746
167, 133818, 131009
185, 133733, 130082
172, 132785, 130470
144, 132837, 129960
183, 133760, 131088
163, 133485, 130400
199, 133065, 129996
179, 133290, 130656
185, 133070, 130819
175, 132613, 131608
215, 132351, 131430
201, 132666, 131034
202, 132504, 130997
203, 133393, 130576
216, 132872, 130471
193, 132739, 130780
161, 133691, 130319
194, 134222, 131521
219, 133037, 130431
180, 134286, 130463
162, 133910, 130327
157, 133413, 130198
198, 133108, 130185
183, 132864, 130760
184, 132379, 130985
168, 132893, 130363
184, 133664, 130086
178, 133221, 131927
182, 134626, 130541
178, 134483, 130059
195, 134386, 130004
182, 133728, 130622
181, 134473, 130374
178, 133533, 131452
183, 133420, 2872
168, 1262, 2359
92, 1141, 2475
91, 1131, 2368
72, 953, 2332
68, 979, 2443
71, 940, 2301
67, 939, 2294
69, 968, 2371
70, 989, 2349
68, 970, 2403
67, 951, 2304
97, 937, 2308
93, 1015, 2311
71, 902, 2279
67, 897, 2276
65, 1048, 2442
77, 1022, 2398
78, 934, 2384
100, 1069, 2355
80, 952, 2317
77, 948, 2287
78, 934, 2303
76, 927, 2305
76, 937, 2269
79, 934, 2328
67, 925, 2310
67, 910, 2304
69, 905, 2279
66, 908, 2294
66, 987, 2305
64, 888, 2326
65, 911, 2329
68, 899, 2260
67, 901, 2269
65, 885, 2261
66, 900, 2301
68, 900, 2302
78, 933, 2292
78, 921, 2299
70, 913, 2292
66, 944, 2299
66, 917, 2314
67, 920, 2358
66, 912, 2320
68, 922, 2327
67, 921, 2292
64, 922, 2298
65, 881, 2318
65, 905, 2314
65, 895, 2299
68, 899, 2289
66, 912, 2273
66, 885, 2270
66, 907, 2317
66, 925, 2317
71, 991, 2344
65, 900, 2328
67, 953, 2315
67, 904, 2311
69, 903, 2322
65, 927, 2329
67, 907, 2320
65, 918, 2311
67, 926, 2314
66, 907, 2340
66, 910, 2292
68, 932, 2304
65, 927, 2308
66, 913, 2289
66, 919, 2306
66, 910, 2304
66, 908, 2299
69, 901, 2303
66, 926, 2318
101, 920, 2313
66, 926, 2310
67, 941, 2302
66, 913, 2305
65, 904, 2320
66, 916, 2300
65, 907, 2315
65, 915, 2299
66, 920, 2302
66, 903, 2307
65, 967, 2319
65, 950, 2298
65, 926, 2292
65, 917, 2353
69, 928, 2307
65, 970, 2308
67, 905, 2310
65, 938, 2303
64, 934, 2301
65, 905, 2355
64, 918, 2328
67, 888, 2278
67, 898, 2281
65, 903, 2300
68, 955, 2329
68, 896, 2309
64, 901, 2301
69, 893, 2331
67, 908, 2333
65, 918, 2300
67, 905, 2313
67, 903, 2313
64, 919, 2312
64, 907, 2320
68, 927, 2306
64, 904, 2323
66, 1051, 2324
65, 923, 2336
64, 896, 2320
68, 910, 2310
68, 933, 2302
65, 908, 2289
65, 911, 2306
64, 895, 2314
64, 910, 2321
66, 907, 2303
64, 902, 2326
65, 899, 2310
63, 933, 2326
65, 899, 2317
67, 916, 2313
67, 918, 2313
65, 940, 2305
68, 903, 2319
65, 932, 2312
64, 912, 2315
67, 933, 2355
67, 909, 2323
63, 924, 2308
64, 910, 2305
64, 913, 2325
70, 920, 2327
66, 899, 2298
70, 946, 2313
63, 931, 2277
64, 909, 2319
64, 896, 2307
66, 906, 2321
66, 897, 2294
64, 901, 2308
66, 907, 2326
67, 916, 2286
66, 916, 2322
63, 901, 2353
63, 896, 2321
62, 917, 2293
65, 901, 2304
69, 916, 2287
66, 901, 2305
64, 891, 2293
64, 926, 2284
64, 911, 2293
63, 915, 2301
66, 895, 2291
65, 916, 2297
63, 898, 2280
63, 900, 2280
64, 885, 2295
63, 914, 2292
67, 891, 2301
63, 875, 2307
63, 954, 2277
63, 916, 2301
66, 930, 2318
63, 876, 2315
67, 922, 2321
65, 906, 2282
63, 896, 2294
64, 916, 2302
66, 903, 2303
64, 921, 2279
67, 919, 2281
72, 925, 2296
65, 922, 2305
63, 885, 2296
64, 907, 2299
67, 919, 2305
63, 917, 2336
66, 896, 2299
66, 879, 2312
63, 914, 2291
64, 909, 2281
65, 911, 2281
64, 914, 2321
63, 898, 2315
66, 879, 2340
63, 890, 2320
63, 908, 2274
66, 905, 2284
66, 921, 2315
63, 898, 2316
63, 890, 2326
66, 903, 2290
66, 891, 2292
64, 914, 2282
62, 891, 2288
63, 887, 2283
66, 896, 2289
63, 1568, 2303
65, 899, 2292
64, 878, 2260
63, 878, 2275
64, 881, 2334
65, 919, 2318
65, 925, 2322
65, 916, 2326
65, 919, 2328
65, 907, 2335
64, 933, 2309
64, 914, 2319
64, 915, 2310
65, 909, 2315
64, 1036, 2353
64, 924, 2320
65, 906, 2323
63, 918, 2335
64, 915, 2309
64, 939, 2308
64, 923, 2311
65, 916, 2307
62, 903, 2310
64, 901, 2310
64, 904, 2311
64, 913, 2305
63, 905, 2310
67, 906, 2312
66, 920, 2317
62, 906, 2323
64, 920, 2341
64, 913, 2283
64, 949, 2298
64, 933, 2299
64, 936, 2309
64, 941, 2268
66, 894, 2308
64, 911, 2289
64, 951, 2285
64, 912, 2315
63, 905, 2293
66, 914, 2289
65, 905, 2276
67, 934, 2318
68, 893, 2295
67, 879, 2306
64, 898, 2327
66, 895, 2286
65, 905, 2344
64, 931, 2295
62, 901, 2308
63, 904, 2313
66, 909, 2309
67, 901, 2284
62, 919, 2297
66, 897, 2298
66, 906, 2299
64, 895, 2325
66, 902, 2263
65, 923, 2292
63, 935, 2285
66, 900, 2322
63, 897, 2308
65, 927, 2301
66, 908, 2308
64, 906, 2312
64, 945, 2311
64, 913, 2342
64, 910, 2293
63, 889, 2332
66, 896, 2289
64, 922, 2319
64, 946, 2294
65, 914, 2318
64, 909, 2319
66, 916, 2291
65, 923, 2308
67, 951, 2348
67, 900, 2316
67, 896, 2360
63, 908, 2312
67, 908, 2306
72, 937, 2305
66, 933, 2340
67, 900, 2322
64, 917, 2321
64, 929, 2319
67, 903, 2306
63, 936, 2307
67, 919, 2313
67, 901, 2348
64, 919, 2304
63, 928, 2314
69, 913, 2308
63, 935, 2313
67, 925, 2304
67, 900, 2290
64, 920, 2331
67, 911, 2298
67, 921, 2291
64, 946, 2316
65, 897, 2319
65, 886, 2314
64, 893, 2287
67, 882, 2279
65, 900, 2290
63, 889, 2297
64, 903, 2284
67, 901, 2302
66, 887, 2308
66, 892, 2319
65, 897, 2269
66, 882, 2263
67, 900, 2275
67, 887, 2267
65, 875, 2256
63, 894, 2474
75, 1076, 2471
74, 1072, 2470
75, 1136, 2484
74, 1094, 2485
74, 1070, 2482
75, 1076, 2466
74, 1080, 2468
78, 1140, 2463
74, 1070, 2461
81, 1079, 2466
142, 1075, 2457
76, 1079, 2480
75, 1093, 2450
74, 1085, 2515
75, 1115, 2474
74, 1079, 2482
74, 1091, 2487
73, 1071, 2499
75, 1078, 2471
73, 1090, 2465
75, 1075, 2473
74, 1099, 2474
74, 1547, 2471
73, 1087, 2451
73, 1161, 2461
74, 1096, 2457
73, 1068, 2468
73, 1070, 2501
73, 1097, 2475
74, 1086, 2483
73, 1083, 2465
73, 1101, 2465
72, 1072, 2467
74, 1087, 2437
77, 1073, 2453
74, 1087, 2462
73, 1084, 2456
73, 1071, 2486
73, 1071, 2514
74, 1074, 2490
72, 1083, 2494
73, 1081, 2495
73, 1079, 2474
74, 1095, 2502
73, 1070, 2459
74, 1081, 2451
73, 1079, 2460
74, 1097, 2448
73, 1077, 2468
73, 1078, 2490
74, 1129, 2469
73, 1093, 2479
72, 1121, 2498
73, 1126, 2502
74, 1104, 2505
73, 1078, 2481
77, 1095, 2460
73, 1103, 2464
74, 1124, 2460
72, 1094, 2502
73, 1274, 2484
74, 1076, 2491
74, 1078, 2490
74, 1065, 2488
73, 1097, 2490
72, 1096, 2482
73, 1067, 2470
74, 1081, 2467
73, 1080, 2469
73, 1099, 2499
73, 1103, 2511
74, 1082, 2523
73, 1170, 2470
74, 1090, 2491
74, 1087, 2476
72, 1085, 2490
73, 1074, 2488
73, 1080, 2495
73, 1076, 2441
73, 1081, 2447
73, 1075, 2475
72, 1084, 2458
73, 1082, 2451
73, 1076, 2460
73, 1071, 2462
72, 1078, 2467
73, 1073, 2486
73, 1085, 2475
74, 1088, 2498
73, 1073, 2460
73, 1103, 2455
72, 1080, 2457
72, 1090, 2457
72, 1066, 2440
73, 1069, 2441
72, 1062, 2459
72, 1083, 2476
72, 1058, 2470
74, 1087, 2483
75, 1082, 2504
73, 1062, 2439
72, 1068, 2448
73, 1075, 2442
72, 1140, 2443
72, 1087, 2451
72, 1078, 2509
73, 1090, 2484
72, 1074, 2479
74, 1074, 2465
73, 1076, 2483
73, 1068, 2469
74, 1064, 2451
73, 1079, 2471
103, 1087, 2454
73, 1096, 2469
77, 1086, 2459
73, 1089, 2507
73, 1079, 2466
73, 1076, 2478
74, 1069, 2511
73, 1072, 2469
72, 1064, 2494
74, 1067, 2472
73, 1135, 2454
73, 1095, 2455
72, 1088, 2456
72, 1062, 2461
72, 1074, 2452
72, 1069, 2458
72, 1078, 2463
72, 1067, 2450
72, 1092, 2456
72, 1071, 2459
72, 1054, 2478
73, 1081, 2495
72, 1062, 2476
72, 1094, 2466
75, 1074, 2462
72, 1094, 2456
72, 1086, 2471
73, 1059, 2476
72, 1065, 2472
73, 1069, 2482
73, 1070, 2487
72, 1073, 2482
72, 1073, 2447
75, 1058, 2461
72, 1085, 2443
72, 1083, 2448
72, 1064, 2487
72, 1097, 2475
72, 1090, 2471
73, 1091, 2483
73, 1080, 2482
73, 1076, 2481
74, 1084, 2497
73, 1085, 2477
73, 1088, 2477
73, 1067, 2459
73, 1104, 2443
72, 1087, 2450
72, 1068, 2456
73, 1078, 2470
71, 1064, 2479
72, 1198, 2488
73, 1101, 2481
73, 1070, 2464
73, 1083, 2456
73, 1088, 2441
74, 1072, 2447
74, 1087, 2453
72, 1097, 2445
73, 1072, 2458
72, 1084, 2482
73, 1078, 2468
72, 1096, 2488
73, 1067, 2468
73, 1075, 2475
76, 1069, 2466
72, 1152, 2458
97, 1093, 2450
73, 1083, 2497
73, 1083, 2453
73, 1070, 2440
73, 1064, 2473
73, 1075, 2454
73, 1071, 2484
72, 1078, 2473
72, 1084, 2459
73, 1094, 2465
72, 1068, 2447
73, 1081, 2470
74, 1087, 2454
72, 1079, 2457
72, 1080, 2475
73, 1093, 2478
73, 1068, 2470
73, 1071, 2513
74, 1105, 2459
73, 1086, 2473
73, 1073, 2457
74, 1072, 2461
73, 1066, 2461
72, 1100, 2462
73, 1080, 2497
73, 1089, 2466
73, 1081, 2494
74, 1105, 2463
76, 1093, 2500
73, 1101, 2460
73, 1074, 2489
74, 1091, 2473
72, 1071, 2471
73, 1084, 2465
74, 1085, 2475
73, 1076, 2475
73, 1076, 2478
73, 1088, 2479
74, 1102, 2461
73, 1088, 2467
73, 1084, 2481
73, 1075, 2476
85, 1109, 2467
76, 1079, 2490
77, 1064, 2453
74, 1076, 2470
73, 1080, 2476
73, 1082, 2461
73, 1085, 2458
74, 1079, 2522
73, 1067, 2474
73, 1095, 2485
74, 1065, 2477
74, 1073, 2490
74, 1079, 2485
74, 1077, 2459
79, 1074, 2451
74, 1101, 2453
74, 1072, 2475
73, 1089, 2461
74, 1073, 2457
74, 1087, 2505
74, 1152, 2474
74, 1077, 2469
73, 1064, 2473
74, 1074, 2445
74, 1088, 2457
74, 1096, 2444
73, 1097, 2452
73, 1080, 2437
73, 1081, 2484
73, 1061, 2470
74, 1080, 2484
75, 1097, 2486
75, 1102, 2489
74, 1087, 2489
74, 1080, 2448
73, 1088, 2471
74, 1081, 2487
74, 1076, 2447
73, 1071, 2463
73, 1091, 2458
74, 1067, 2469
73, 1082, 2463
74, 1089, 2494
73, 1067, 2474
73, 1088, 2493
74, 1077, 2487
72, 1095, 2476
73, 1074, 2471
74, 1090, 2466
72, 1087, 2482
74, 1090, 2481
74, 1098, 2479
74, 1068, 2474
74, 1075, 2479
73, 1087, 2490
74, 1105, 2472
75, 1083, 2509
76, 1065, 2488
75, 1094, 2500
75, 1076, 2486
74, 1076, 2483
73, 1081, 2475
74, 1075, 2484
72, 1072, 2462
74, 1098, 2495
74, 1068, 2497
76, 1092, 2457
73, 1075, 2469
73, 1069, 2463
78, 1083, 2491
74, 1092, 2522
73, 1097, 2478
75, 1093, 2460
76, 1086, 2465
73, 1071, 2469
73, 1095, 2479
73, 1071, 2491
73, 1072, 2482
74, 1068, 2498
74, 1653, 2485
74, 1085, 2497
73, 1084, 2486
75, 1091, 2478
72, 1066, 2456
73, 1067, 2469
75, 1077, 2450
74, 1083, 2485
73, 1068, 2477
73, 1086, 2485
74, 1063, 2509
74, 1072, 2483
74, 1071, 2492
74, 1100, 2455
73, 1079, 2470
74, 1086, 2451
81, 1091, 2457
74, 1083, 2498
74, 1114, 2467
74, 1102, 2464
73, 1070, 2462
73, 1079, 2456
73, 1082, 2480
74, 1078, 2490
72, 1091, 2476
74, 2777, 2479
73, 1097, 2484
73, 1079, 2488
73, 1073, 2473
73, 1088, 2462
74, 1076, 2467
74, 1085, 2458
76, 1121, 2470
162, 1091, 2480
76, 1078, 2503
75, 1072, 2465
74, 1091, 2453
75, 1074, 2518
74, 1076, 2477
72, 1075, 2479
73, 1073, 2475
73, 1100, 2482
73, 1079, 2515
73, 1094, 2534
77, 1071, 2460
73, 1080, 2470
73, 1079, 2470
74, 1090, 2470
72, 1096, 2495
72, 1083, 2508
76, 1091, 2502
74, 1081, 2491
73, 1085, 2478
73, 1081, 2494
72, 1075, 2480
73, 1079, 2474
79, 1072, 2482
73, 1109, 2467
72, 1098, 2485
72, 1080, 2474
73, 1102, 2501
74, 1096, 2471
71, 1073, 2488
73, 1082, 2483
73, 1104, 2490
74, 1089, 2467
73, 1091, 2504
73, 1079, 2466
72, 1082, 2475
75, 1081, 2476
73, 1078, 2485
74, 1091, 2460
73, 1080, 2489
74, 1073, 2481
73, 1067, 2468
74, 1106, 2479
73, 1094, 2496
73, 1079, 2467
73, 1066, 2486
75, 1070, 2485
74, 1078, 2469
73, 1079, 2478
73, 1077, 2509
74, 1070, 2460
72, 1070, 2506
73, 1083, 2483
73, 1073, 2485
74, 1083, 2501
73, 1071, 2475
74, 1092, 2483
72, 1065, 2478
73, 1076, 2485
73, 1123, 2481
73, 1101, 2482
105, 1081, 2480
73, 1072, 2466
74, 1066, 2466
73, 1082, 2485
73, 1109, 2485
74, 1104, 2473
73, 1072, 2484
73, 1078, 2483
74, 1071, 2472
73, 1101, 2492
73, 1077, 2471
72, 1071, 2522
73, 1080, 2464
74, 1069, 2466
74, 1074, 2480
72, 1069, 2520
72, 1075, 2483
74, 1077, 2484
73, 1079, 2473
72, 1096, 2452
73, 1081, 2455
73, 1078, 2471
73, 1086, 2478
73, 1080, 2460
73, 1081, 2486
73, 1068, 2486
74, 1073, 2472
72, 1086, 2475
72, 1075, 2501
73, 1072, 2453
73, 1089, 2480
73, 1080, 2476
73, 1087, 2475
73, 1089, 2468
73, 1071, 2483
78, 1074, 2484
73, 1080, 2488
73, 1066, 2499
73, 1075, 2476
73, 1081, 2502
73, 1070, 2500
73, 1073, 2479
73, 1080, 2460
73, 1079, 2464
73, 1081, 2504
73, 1076, 2461
73, 1083, 2473
73, 1084, 2497
72, 1075, 2491
74, 1072, 2478
73, 1070, 2481
73, 1079, 2477
72, 1079, 2467
73, 1074, 2459
72, 1095, 2467
73, 1096, 2467
72, 1074, 2477
73, 1078, 2485
73, 1074, 2481
73, 1065, 2487
73, 1071, 2487
73, 1081, 2470
73, 1080, 2480
73, 1087, 2458
73, 1087, 2457
73, 1102, 2464
73, 1092, 2471
73, 1100, 2467
73, 1085, 2484
73, 1071, 2484
72, 1079, 2478
73, 1065, 2492
72, 1076, 2503
73, 1076, 2469
74, 1082, 2480
72, 1086, 2483
106, 1086, 2462
73, 1078, 2482
73, 1093, 2492
72, 1084, 2495
73, 1076, 2484
72, 1076, 2488
72, 1084, 2491
73, 1080, 2495
73, 1063, 2486
72, 1091, 2498
76, 1074, 2484
75, 1117, 2475
78, 1075, 2486
73, 1120, 2539
73, 1093, 2476
74, 1088, 2478
73, 1081, 2499
76, 1088, 2500
74, 1074, 2483
74, 1088, 2467
73, 1070, 2483
73, 1075, 2473
74, 1069, 2496
75, 1079, 2484
73, 1079, 2461
84, 1080, 2471
74, 1099, 2472
75, 1099, 2464
74, 1081, 2492
74, 1088, 2475
74, 1105, 2483
74, 1073, 2467
73, 1083, 2460
75, 1075, 2464
74, 1071, 2478
75, 1078, 2475
73, 1127, 2459
73, 1082, 2465
73, 1109, 2454
73, 1074, 2518
73, 1073, 2451
73, 1078, 2466
74, 1071, 2525
74, 1069, 2454
73, 1099, 2464
73, 1090, 2465
75, 1081, 2448
74, 1087, 2466
74, 1083, 2453
74, 1084, 2476
74, 1075, 2471
74, 1109, 2485
73, 1089, 2477
72, 1080, 2469
73, 1063, 2450
74, 1062, 2442
73, 1085, 2455
74, 1085, 2449
73, 1092, 2459
73, 1071, 2449
72, 1072, 2454
72, 1066, 2470
72, 1067, 2478
75, 1082, 2459
74, 1073, 2438
73, 1073, 2473
73, 1062, 2481
73, 1071, 2448
77, 1079, 2472
73, 1075, 2468
73, 1081, 2476
74, 1089, 2454
73, 1078, 2477
73, 1075, 2488
74, 1081, 2477
74, 1086, 2488
74, 1089, 2481
74, 1085, 2518
75, 1101, 2471
74, 1074, 2451
74, 1077, 2474
74, 1087, 2478
73, 1078, 2470
75, 1081, 2475
73, 1086, 2482
72, 1128, 2480
74, 1086, 2483
72, 1066, 2493
72, 1101, 2476
74, 1071, 2451
73, 1121, 2481
79, 1088, 2464
74, 1068, 2485
72, 1085, 2473
73, 1079, 2515
73, 1075, 2464
74, 1100, 2488
73, 1077, 2471
73, 1074, 2495
73, 1069, 2479
74, 1076, 2491
77, 1071, 2494
74, 1071, 2465
74, 1081, 2501
73, 1096, 2466
73, 1089, 2477
73, 1074, 2483
74, 1071, 2483
73, 1143, 2508
75, 1629, 2498
75, 1101, 2477
74, 1079, 2479
74, 1082, 2506
72, 1082, 2459
74, 1080, 2477
73, 1097, 2479
79, 1081, 2470
78, 1092, 2471
73, 1086, 2488
73, 1120, 2478
74, 1075, 2474
73, 1089, 2498
74, 1077, 2515
73, 1099, 2475
73, 1096, 2473
74, 1078, 2447
74, 1080, 2487
74, 1073, 2453
73, 1087, 2448
73, 1086, 2452
74, 1088, 2454
74, 1096, 2449
73, 1074, 2466
73, 1140, 2480
74, 1082, 2471
74, 1080, 2453
73, 1064, 2462
74, 1075, 2473
75, 1101, 2455
74, 1076, 2475
73, 1088, 2453
73, 1094, 2469
73, 1074, 2464
73, 1076, 2468
73, 1077, 2484
73, 1072, 2460
73, 1089, 2479
78, 1118, 2453
72, 1097, 2487
72, 1082, 2495
73, 1087, 2471
74, 1081, 2476
72, 1071, 2451
72, 1062, 2442
73, 1066, 2479
73, 1076, 2467
73, 1063, 2499
72, 1060, 2468
72, 1072, 2465
73, 1059, 2460
72, 1062, 2471
71, 1081, 2450
72, 1091, 2443
72, 1066, 2463
72, 1055, 2492
73, 1060, 2465
75, 1065, 2457
72, 1051, 2444
72, 1065, 2434
72, 1060, 2461
72, 1058, 2445
73, 1069, 2445
74, 1073, 2451
72, 1110, 2464
72, 1070, 2478
73, 1064, 2476
73, 1062, 2479
72, 1074, 2458
72, 1054, 2461
72, 1057, 2468
72, 1090, 2470
72, 1084, 2441
72, 1072, 2468
72, 1067, 2506
72, 1107, 2440
72, 1077, 2487
74, 1079, 2468
75, 1091, 2495
72, 1093, 2493
73, 1079, 2473
73, 1069, 2458
73, 1087, 2465
73, 1090, 2486
73, 1082, 2461
73, 1096, 2459
77, 1112, 2465
73, 1081, 2498
73, 1150, 2497
73, 1080, 2515
74, 1090, 2479
72, 1086, 2482
73, 1070, 2476
75, 1086, 2493
73, 1077, 2488
73, 1079, 2480
73, 1074, 2462
73, 1094, 2470
73, 1082, 2477
73, 1089, 2495
73, 1090, 2443
73, 1110, 2477
73, 1065, 2481
73, 1072, 2455
73, 1066, 2466
73, 1072, 2437
73, 1069, 2441
73, 1653, 2481
76, 1091, 2461
72, 1092, 2475
74, 1100, 2450
74, 1080, 2453
73, 1068, 2475
72, 1124, 2457
73, 1060, 2474
73, 1082, 2447
72, 1087, 2461
72, 1063, 2453
73, 1053, 2434
78, 1076, 2458
72, 1067, 2454
73, 1069, 2457
72, 1087, 2454
71, 1065, 2446
72, 1069, 2462
72, 1071, 2504
73, 1065, 2446
72, 1077, 2452
73, 1069, 2492
73, 1085, 2463
73, 1090, 2450
73, 1093, 2452
73, 1078, 2455
72, 1150, 2476
74, 1098, 2462
73, 1072, 2470
72, 1069, 2476
73, 1080, 2481
73, 1105, 2481
74, 1080, 2479
72, 1075, 2469
78, 1072, 2451
73, 1083, 2467
72, 1091, 2468
73, 1090, 2509
77, 1094, 2474
73, 1079, 2478
72, 1083, 2473
72, 1080, 2495
73, 1074, 2476
74, 1076, 2468
72, 1075, 2466
73, 1087, 2499
74, 1080, 2452
73, 1087, 2479
74, 1083, 2485
72, 1070, 2495
73, 1094, 2467
72, 1092, 2463
73, 1073, 2466
73, 1072, 2466
72, 1065, 2458
72, 1063, 2448
72, 1079, 2455
72, 1068, 2440
73, 1070, 2466
74, 1065, 2453
71, 1057, 2468
72, 1078, 2451
72, 1066, 2501
72, 1073, 2490
72, 1056, 2468
72, 1062, 2446
72, 1063, 2467
72, 1073, 2482
76, 1081, 2484
75, 1102, 2448
73, 1104, 2495
73, 1079, 2461
73, 1069, 2466
73, 1063, 2498
74, 1085, 2449
74, 1077, 2464
75, 1103, 2469
73, 1090, 2447
77, 1098, 2445
74, 1094, 2454
74, 1086, 2476
73, 1089, 2448
73, 1074, 2472
74, 1082, 2467
84, 1071, 2488
73, 1084, 2464
73, 1108, 2470
75, 1076, 2453
73, 1080, 2451
79, 1075, 2451
74, 1087, 2451
74, 1144, 2457
74, 1099, 2473
73, 1074, 2460
75, 1078, 2461
75, 1092, 2503
73, 1077, 2483
74, 1084, 2463
74, 1073, 2479
74, 1076, 2445
76, 1085, 2457
75, 1108, 2466
73, 1079, 2459
75, 1079, 2465
74, 1110, 2463
74, 1098, 2469
73, 1066, 2466
73, 1082, 2478
73, 1078, 2488
75, 1083, 2473
74, 1091, 2473
74, 1082, 2468
73, 1093, 2511
74, 1085, 2467
74, 1084, 2477
73, 1095, 2459
73, 1074, 2467
76, 1086, 2458
73, 1083, 2464
73, 1067, 2496
73, 1073, 2486
74, 1093, 2468
74, 1069, 2491
74, 1072, 2473
73, 1085, 2464
73, 1075, 2471
73, 1088, 2472
74, 1083, 2474
73, 1136, 2491
73, 1076, 2485
73, 1073, 2475
74, 1123, 2489
73, 1079, 2489
75, 1086, 2490
73, 1085, 2454
73, 1102, 2464
74, 1076, 2450
73, 1097, 2479
73, 1069, 2495
74, 1089, 2491
74, 1071, 2484
74, 1070, 2481
106, 1085, 2486
74, 1111, 2494
74, 1089, 2475
74, 1077, 2473
76, 1072, 2470
74, 1114, 2492
73, 1091, 2476
74, 1096, 2491
74, 1097, 2473
74, 1073, 2476
74, 1076, 2498
73, 1067, 2484
74, 1072, 2504
74, 1079, 2475
74, 1084, 2471
73, 1081, 2463
73, 1083, 2477
73, 1097, 2481
74, 1077, 2472
73, 1088, 2481
73, 1075, 2479
74, 1084, 2518
74, 1089, 2484
74, 1072, 2493
74, 1092, 2480
73, 1068, 2486
74, 1075, 2479
76, 1082, 2516
74, 1108, 2493
73, 1097, 2482
74, 1624, 2482
74, 1077, 2484
74, 1086, 2485
74, 1063, 2490
72, 1078, 2494
73, 1062, 2485
72, 1089, 2533
73, 1068, 2497
73, 1109, 2474
73, 1068, 2492
74, 1076, 2492
73, 1088, 2463
72, 1079, 2470
73, 1072, 2479
73, 1083, 2463
74, 1071, 2486
73, 1071, 2491
74, 1078, 2480
75, 1081, 2498
73, 1079, 2475
74, 1070, 2472
74, 1085, 2493
76, 1089, 2469
74, 1085, 2477
74, 1094, 2487
73, 1078, 2466
73, 1122, 2496
73, 1107, 2478
73, 1075, 2491
73, 1070, 2506
74, 1074, 2486
75, 1076, 2488
73, 1103, 2485
72, 1065, 2499
78, 1070, 2517
73, 1094, 2503
72, 1079, 2443
73, 1066, 2447
73, 1072, 2462
73, 1074, 2481
74, 1073, 2481
74, 1082, 2467
73, 1061, 2459
73, 1079, 2469
73, 1086, 2456
81, 1069, 2460
74, 1082, 2476
73, 1099, 2471
74, 1083, 2474
73, 1075, 2469
73, 1067, 2492
73, 1076, 2452
73, 1068, 2502
74, 1086, 2502
73, 1081, 2491
73, 1073, 2511
75, 1084, 2478
73, 1092, 2484
73, 1085, 2480
73, 1082, 2473
73, 1063, 2512
73, 1064, 2487
73, 1072, 2481
73, 1064, 2476
74, 1072, 2483
74, 1070, 2465
73, 1081, 2513
73, 1071, 2462
72, 1092, 2471
73, 1097, 2496
73, 1078, 2477
73, 1078, 2486
72, 1071, 2490
73, 1089, 2496
74, 1085, 2483
74, 1075, 2517
72, 1076, 2478
73, 1091, 2499
74, 1085, 2483
74, 1075, 2503
73, 1086, 2479
73, 1113, 2485
74, 1108, 2469
72, 1069, 2497
74, 1065, 2474
73, 1085, 2486
73, 1072, 2489
74, 1069, 2490
73, 1072, 2475
73, 1080, 2491
72, 1087, 2467
79, 1068, 2477
73, 1230, 2488
73, 1093, 2466
73, 1080, 2470
73, 1089, 2477
72, 1094, 2482
73, 1083, 2476
73, 1081, 2522
73, 1101, 2485
73, 1080, 2466
73, 1093, 2481
73, 1070, 2498
75, 1080, 2472
72, 1077, 2479
73, 1093, 2461
74, 1093, 2493
72, 1088, 2488
73, 1079, 2476
73, 1098, 2516
73, 1089, 2501
72, 1077, 2482
73, 1065, 2487
73, 1083, 2481
73, 1074, 2493
73, 1099, 2496
73, 1090, 2463
73, 1079, 2485
73, 1098, 2494
72, 1073, 2491
73, 1075, 2469
73, 1067, 2485
73, 1086, 2494
73, 1101, 2490
73, 1081, 2506
76, 1090, 2504
73, 1096, 2485
73, 1106, 2500
74, 1084, 2492
73, 1097, 2462
73, 1077, 2476
73, 1073, 2495
72, 1067, 2497
74, 1074, 2493
75, 1083, 2494
72, 1093, 2506
72, 1088, 2499
74, 1093, 2497
73, 1092, 2497
72, 1084, 2471
72, 1078, 2490
73, 1076, 2477
74, 1083, 2487
77, 1093, 2476
72, 1074, 2492
73, 1075, 2499
74, 1071, 2499
72, 1077, 2495
72, 1071, 2513
73, 1070, 2496
74, 1078, 2460
73, 1664, 2462
79, 1084, 2464
73, 1074, 2482
72, 1072, 2480
73, 1070, 2497
73, 1071, 2496
73, 1063, 2502
74, 1085, 2493
74, 1083, 2499
71, 1063, 2491
73, 1075, 2465
72, 1066, 2464
74, 1065, 2484
73, 1095, 2454
73, 1082, 2490
72, 1094, 2508
73, 1075, 2490
73, 1061, 2511
75, 1103, 2540
78, 1085, 2505
75, 1075, 2497
75, 1115, 2490
73, 1082, 2477
75, 1087, 2474
75, 1077, 2472
74, 1095, 2487
73, 1105, 2502
73, 1072, 2491
75, 1062, 2498
71, 1064, 2491
74, 1088, 2473
73, 1072, 2485
74, 1076, 2496
73, 1081, 2479
73, 1066, 2492
85, 1086, 2490
82, 1070, 2508
74, 1094, 2476
75, 1107, 2472
74, 1616, 2469
73, 1085, 2504
73, 1073, 2492
73, 1077, 2492
75, 1068, 2490
77, 1067, 2502
72, 1077, 2480
73, 1085, 2497
73, 1069, 2492
73, 1111, 2489
74, 1111, 2492
74, 1104, 2494
74, 1082, 2468
73, 1088, 2498
75, 1068, 2497
74, 1093, 2487
74, 1078, 2492
73, 1072, 2501
74, 1081, 2499
72, 1068, 2484
72, 1080, 2498
75, 1092, 2496
73, 1101, 2514
74, 1090, 2475
74, 1093, 2505
75, 1096, 2476
74, 1086, 2473
74, 1076, 2512
74, 1089, 2530
73, 1083, 2521
74, 1179, 2507
75, 1092, 2505
74, 1093, 2521
76, 1079, 2520
76, 1076, 2492
75, 1079, 2487
73, 1088, 2496
76, 1160, 2501
75, 1089, 2512
75, 1225, 2498
73, 1103, 2512
73, 1080, 2513
73, 1072, 2507
74, 1076, 2509
74, 1088, 2496
73, 1208, 2511
74, 1070, 2496
73, 1071, 2475
73, 1081, 2487
73, 1100, 2495
75, 1081, 2497
72, 1080, 2477
74, 1117, 2507
73, 1083, 2490
76, 1068, 2504
73, 1070, 2521
74, 1067, 2507
73, 1065, 2500
72, 1074, 2500
74, 1107, 2498
74, 1099, 2489
73, 1096, 2487
73, 1098, 2493
73, 1078, 2487
73, 1099, 2486
73, 1071, 2515
72, 1077, 2510
73, 1065, 2515
74, 1080, 2497
74, 1067, 2521
73, 1077, 2524
76, 1067, 2503
73, 1159, 2504
75, 1080, 2519
73, 1085, 2488
73, 1085, 2520
76, 1087, 2509
72, 1083, 2508
73, 1064, 2505
74, 1067, 2510
74, 1138, 2515
74, 1091, 2558
74, 1107, 2522
75, 1103, 2548
77, 1088, 2543
77, 1078, 2519
74, 1096, 2542
77, 1109, 2546
74, 1102, 2519
75, 1586, 2539
74, 1102, 2523
73, 1093, 2511
74, 1078, 2505
73, 1094, 2523
74, 1076, 2547
74, 1070, 2531
73, 1076, 2523
74, 1088, 2533
73, 1069, 2511
74, 1107, 2546
81, 1083, 2541
77, 1085, 2539
81, 1092, 2521
73, 1098, 2551
73, 1082, 2552
74, 1094, 2537
73, 1105, 2541
73, 1074, 2595
73, 1074, 2557
73, 1091, 2618
73, 1071, 2593
75, 1106, 2578
78, 1084, 2569
75, 1076, 2580
75, 1080, 2547
77, 1094, 2589
74, 1105, 2563
74, 1072, 2537
73, 1091, 2574
74, 1083, 2559
74, 1105, 2556
74, 1084, 2572
73, 1075, 2575
74, 1088, 2581
74, 1079, 2587
73, 1067, 2578
74, 1074, 2637
73, 1087, 2633
75, 1085, 2610
74, 1072, 2621
74, 1086, 2629
73, 1086, 2641
73, 1082, 2628
74, 1092, 2576
74, 1075, 2558
73, 1092, 2532
73, 1088, 2575
112, 1092, 2587
104, 1103, 2586
75, 1098, 2585
74, 1089, 2552
74, 1084, 2587
76, 1095, 2583
75, 1081, 2592
72, 1082, 2573
75, 1073, 2576
73, 1093, 2615
73, 1076, 2585
73, 1076, 2582
75, 1087, 2598
76, 1101, 2595
