uid, ndata, decay, undecay, delete, restore, category_anon, category_reveal
1, 5, 13412, 16793, 13632, 18838, 2470, 8986
11, 8, 13054, 22788, 20540, 26560, 5139, 13423
21, 4, 7737, 15793, 11041, 16602, 2062, 8542
31, 5, 8845, 18055, 14058, 20858, 4197, 11249
41, 6, 10041, 18009, 14501, 20811, 3883, 11326
51, 5, 9163, 17874, 12920, 19798, 2195, 9136
61, 2, 6868, 13502, 9649, 14519, 2101, 8734
71, 3, 6677, 13418, 9309, 14883, 2084, 8731
81, 8, 11125, 20007, 16831, 24811, 4555, 12698
91, 4, 8486, 15815, 12585, 17101, 3502, 10981
101, 2, 5622, 11903, 7376, 12404, 3240, 11089
111, 5, 8040, 16358, 13050, 18606, 2064, 8958
121, 6, 9614, 17316, 12229, 19279, 2269, 8361
131, 9, 11093, 20473, 16265, 23043, 4470, 12282
141, 6, 9185, 17325, 12835, 19851, 3506, 10589
151, 1, 4953, 11197, 6521, 11744, 3377, 11134
161, 6, 10317, 20601, 16145, 23508, 3910, 11320
171, 1, 5580, 11837, 6697, 11942, 1824, 9130
181, 6, 10067, 19107, 13868, 20073, 3659, 11219
191, 7, 11877, 20345, 16826, 22210, 4048, 11435
201, 1, 5437, 11543, 7364, 12263, 3134, 11538
211, 7, 9760, 19040, 13636, 21347, 4722, 11904
221, 5, 9735, 16860, 11770, 18434, 4091, 12233
231, 5, 8822, 17075, 12000, 19186, 2314, 9226
241, 3, 7067, 14743, 8940, 15428, 3676, 12691
251, 3, 7480, 14799, 10679, 15793, 1950, 9205
261, 11, 13917, 25610, 21027, 30981, 5410, 16065
271, 4, 7637, 14695, 10152, 16458, 3346, 11000
281, 2, 5997, 12144, 7056, 14532, 2142, 8372
291, 4, 7285, 15589, 10500, 16469, 2259, 8692
301, 3, 7045, 14709, 11066, 15907, 2157, 8488
311, 5, 9010, 17383, 14011, 19185, 3335, 11870
321, 4, 8159, 15974, 11583, 19180, 3713, 13369
331, 3, 8549, 14513, 10558, 15804, 3463, 10824
341, 3, 6891, 14528, 10916, 16009, 3588, 11294
351, 2, 6199, 12751, 8943, 16704, 1891, 8806
361, 2, 5900, 11994, 7348, 12894, 3531, 10743
371, 5, 9661, 17926, 13299, 20409, 3448, 10330
381, 1, 5656, 11564, 8004, 11886, 1744, 8728
391, 5, 8263, 15812, 11347, 22602, 3514, 11171
401, 8, 11033, 20927, 16462, 24748, 4797, 13082
411, 0, 4092, 10007, 4701, 10317, 1498, 8978
421, 2, 5972, 12541, 7927, 13537, 2261, 8683
431, 6, 9290, 18245, 17932, 20740, 3614, 10954
441, 3, 10674, 15303, 11501, 17340, 1882, 8616
451, 3, 6503, 13510, 10086, 15094, 3470, 11351
461, 4, 7789, 14936, 10337, 15964, 2114, 8743
471, 7, 10213, 19985, 15380, 21815, 4564, 11150
481, 3, 7183, 14392, 10884, 16455, 2173, 8612
491, 5, 8909, 16533, 11886, 18651, 3523, 10601
501, 3, 6699, 13504, 8363, 15528, 2041, 8731
511, 4, 8556, 16604, 11660, 18262, 3364, 11155
521, 7, 9966, 19442, 15063, 21921, 4284, 10989
531, 4, 8169, 16028, 16708, 17838, 4164, 12386
541, 4, 10745, 14849, 10112, 16246, 1986, 8747
551, 4, 7505, 14848, 9804, 20221, 2322, 8967
561, 8, 11715, 22473, 18707, 25604, 3904, 10701
571, 7, 10402, 19997, 15214, 30770, 2267, 8880
581, 8, 11400, 21325, 15962, 23768, 2359, 8515
591, 7, 9385, 18085, 13213, 19870, 2217, 8885
601, 6, 10949, 20935, 16248, 21455, 4002, 10650
611, 5, 8584, 16240, 16321, 18445, 3569, 10700
621, 5, 13588, 19299, 15783, 21363, 2455, 8548
631, 4, 8150, 15915, 14841, 17187, 4245, 13817
641, 5, 12689, 17445, 14354, 18705, 3456, 10543
651, 5, 8712, 16936, 12226, 18826, 3849, 10805
661, 4, 8191, 15900, 11828, 18414, 2180, 8767
671, 8, 10914, 27228, 15845, 23511, 3923, 10496
681, 2, 7361, 13120, 8674, 16336, 1932, 8972
691, 1, 6826, 11186, 6103, 11454, 1816, 9230
701, 1, 5465, 11948, 8043, 11970, 2040, 8845
711, 5, 9005, 16681, 12597, 19249, 3582, 10831
721, 3, 6687, 15908, 9359, 14673, 3344, 11392
731, 3, 6907, 13840, 10283, 15462, 3220, 13105
741, 3, 6852, 19314, 8836, 14738, 2018, 8933
751, 4, 8821, 18025, 13529, 18868, 2133, 8646
761, 6, 11060, 19572, 15675, 21462, 3375, 11001
771, 2, 6175, 13357, 8548, 13718, 1976, 8591
781, 8, 11633, 21543, 16837, 24189, 4853, 11210
791, 4, 7739, 15123, 15060, 16864, 2118, 8869
801, 5, 12711, 17048, 13022, 26953, 3607, 10717
811, 4, 8164, 15904, 12558, 17462, 3556, 11182
821, 4, 8061, 18736, 11266, 16865, 3964, 10702
831, 3, 7242, 14563, 14877, 16721, 2192, 8515
841, 2, 9420, 13647, 9644, 17744, 1812, 8670
851, 3, 6918, 14221, 9766, 14876, 2015, 8619
861, 5, 8277, 16883, 11331, 17894, 4153, 11805
871, 4, 8374, 16051, 13036, 21217, 3438, 10903
881, 4, 7963, 16302, 11305, 16920, 3795, 10809
891, 5, 9265, 18720, 15120, 20930, 3679, 10641
901, 2, 6829, 13282, 9036, 14139, 2018, 8624
911, 5, 8628, 17093, 12427, 18705, 4085, 11425
921, 7, 10799, 20779, 23000, 23350, 4415, 13003
931, 2, 8205, 12368, 7659, 13153, 2052, 8604
941, 7, 10148, 27447, 15363, 22818, 4108, 11844
951, 12, 13811, 25327, 22186, 31484, 4359, 11155
961, 9, 13150, 23996, 19243, 26256, 4779, 12109
971, 4, 7612, 14833, 14491, 16245, 3550, 10560
981, 6, 12638, 17600, 13338, 20404, 2078, 8906
991, 7, 10447, 19221, 15530, 25463, 2517, 8640
1001, 5, 10213, 18313, 20113, 21444, 3653, 10913
1011, 6, 11121, 24401, 14765, 21428, 2106, 8610
1021, 1, 5582, 11511, 7281, 12754, 1861, 8539
1031, 7, 10366, 19525, 16667, 21562, 3671, 10397
1041, 1, 5013, 11087, 6432, 10997, 1754, 8799
1051, 6, 9133, 18579, 14651, 20802, 4188, 13234
1061, 5, 7867, 16374, 11936, 18685, 4008, 12437
1071, 11, 13063, 32739, 18716, 28219, 2419, 8641
1081, 7, 9233, 18272, 12808, 20816, 3488, 11096
1091, 3, 6525, 13560, 8856, 14867, 2066, 9044
1101, 9, 10030, 19631, 13966, 21746, 3989, 11056
1111, 6, 10215, 20349, 17092, 30467, 3616, 10781
1121, 9, 11805, 24002, 17521, 25550, 4422, 12523
1131, 4, 7393, 15552, 10731, 16848, 2059, 9073
1141, 7, 9801, 18383, 13026, 20638, 4008, 14511
1151, 1, 4686, 11285, 6149, 11516, 1819, 8726
1161, 6, 9176, 17791, 15320, 20354, 3885, 11305
1171, 6, 10202, 17692, 12760, 20335, 4421, 15189
1181, 2, 6490, 13150, 8475, 15969, 2207, 8751
1191, 3, 7646, 14769, 11653, 15939, 3197, 10960
1201, 4, 8970, 19650, 12138, 18008, 3371, 11120
1211, 5, 9237, 18236, 14575, 20636, 3357, 10785
1221, 5, 8280, 16873, 12354, 18065, 4545, 13787
1231, 4, 7725, 15263, 12029, 16975, 2216, 8728
1241, 2, 6279, 13018, 8651, 13933, 3236, 10850
1251, 4, 7961, 18948, 11033, 16951, 4041, 11199
1261, 6, 9505, 17269, 14673, 19767, 4728, 13078
1271, 7, 10517, 19202, 13080, 21778, 4022, 13172
1281, 6, 11450, 19552, 17291, 22456, 4493, 13191
1291, 0, 4220, 9845, 4740, 10096, 2286, 9320
1301, 4, 8996, 15745, 15580, 17503, 2191, 8850
1311, 3, 9906, 13971, 10473, 14701, 4063, 12313
1321, 10, 13329, 24343, 21216, 28505, 5585, 15382
1331, 1, 5510, 12952, 7097, 12440, 1864, 9209
1341, 1, 5820, 12820, 7933, 13312, 1792, 8634
1351, 1, 4944, 11142, 6504, 12540, 1751, 8812
1361, 5, 7599, 15371, 10871, 17113, 4156, 10995
1371, 5, 8582, 17016, 14229, 18857, 2068, 8752
1381, 4, 7738, 15355, 10427, 17146, 2089, 8875
1391, 6, 9217, 17672, 12554, 21612, 4289, 12381
1401, 4, 7314, 14938, 11106, 16091, 3324, 10825
1411, 4, 8582, 17222, 14290, 18999, 2416, 8917
1421, 0, 4010, 9687, 7237, 9708, 1817, 8947
1431, 7, 14359, 19158, 14454, 21437, 4305, 13676
1441, 5, 8883, 17999, 12710, 19691, 2044, 8797
1451, 7, 9796, 19034, 13680, 22168, 2261, 9125
1461, 5, 9059, 17491, 15041, 19963, 3759, 11405
1471, 3, 5984, 13535, 7956, 13714, 3219, 10787
1481, 4, 7787, 15282, 15385, 16884, 3523, 10862
1491, 2, 7829, 12002, 6963, 12754, 3064, 10821
1501, 6, 9396, 17606, 13782, 26509, 4143, 12073
1511, 4, 7436, 15485, 11436, 16651, 1940, 8568
1521, 2, 6034, 14465, 9477, 14084, 3419, 10151
1531, 5, 7582, 15276, 10283, 18165, 4085, 12313
1541, 5, 9450, 21989, 12937, 24625, 2313, 8843
1551, 7, 10441, 27597, 17433, 23064, 4552, 11864
1561, 4, 7842, 15547, 11943, 19755, 1891, 9144
1571, 5, 9744, 17709, 12593, 18726, 2237, 9035
1581, 4, 8614, 16233, 12024, 22630, 4110, 10768
1591, 4, 7075, 14742, 13716, 15777, 3442, 10673
1601, 2, 9563, 13133, 10872, 16929, 1910, 8722
1611, 3, 7356, 14528, 10685, 16569, 1989, 8567
1621, 3, 7640, 17450, 11347, 16346, 1931, 8918
1631, 4, 7916, 15230, 10342, 16539, 4547, 11509
1641, 5, 8571, 20922, 12811, 19678, 4327, 13574
1651, 1, 4884, 11480, 6284, 11900, 2182, 8685
1661, 3, 7113, 14736, 14368, 15503, 2116, 9079
1671, 3, 9012, 13433, 8621, 17562, 4220, 12348
1681, 6, 9942, 24904, 15695, 23008, 4059, 11620
1691, 5, 9251, 18329, 13243, 20216, 2052, 9079
1701, 2, 6716, 13255, 9712, 14491, 2966, 11196
1711, 4, 7441, 14737, 9905, 16262, 3311, 11325
1721, 2, 6151, 12872, 7773, 13400, 1845, 8974
1731, 5, 7584, 16116, 10515, 18430, 2187, 9149
1741, 4, 7039, 14348, 9674, 15516, 4113, 13281
1751, 4, 8514, 16623, 14001, 18288, 3415, 10903
1761, 4, 7870, 15106, 10621, 16604, 2116, 8624
1771, 4, 6954, 14562, 9032, 15372, 3525, 10920
1781, 5, 8186, 17055, 12745, 19140, 2048, 9068
1791, 3, 7856, 15290, 11479, 16944, 3238, 10330
1801, 2, 6880, 13592, 14155, 15938, 2182, 9168
1811, 2, 6832, 14727, 10060, 15265, 1741, 8723
1821, 3, 9028, 16893, 9058, 14632, 1844, 8662
1831, 8, 10154, 19237, 13988, 22290, 3359, 11135
1841, 7, 11328, 20721, 16978, 24963, 4303, 13255
1851, 3, 7922, 15852, 26664, 17210, 3523, 11412
1861, 7, 9875, 20063, 15586, 22267, 2092, 8789
1871, 5, 8568, 16385, 11892, 19321, 2218, 9105
1881, 6, 10086, 19733, 16078, 22429, 3991, 11608
1891, 5, 8303, 15281, 10683, 17261, 3844, 11486
1901, 4, 6541, 13948, 8200, 14857, 3249, 10655
1911, 4, 7717, 15389, 10588, 17121, 3499, 11017
1921, 3, 6949, 13750, 9966, 15316, 3235, 10988
1931, 5, 8700, 16727, 11918, 18768, 3455, 10946
1941, 2, 5890, 12366, 7664, 13478, 3087, 10399
1951, 1, 4624, 10879, 6125, 12965, 4135, 11628
1961, 1, 5220, 11418, 6872, 12516, 3485, 10975
1971, 6, 9898, 19161, 14754, 22337, 4232, 11758
1981, 3, 6917, 14587, 9941, 15391, 3419, 10823
1991, 7, 9764, 18013, 13195, 20881, 3780, 10986
2001, 5, 9284, 18084, 13004, 19474, 1996, 8702
2011, 4, 7322, 14507, 9786, 16264, 2169, 8363
2021, 5, 10480, 19512, 15357, 21934, 1921, 8790
2031, 6, 8461, 17475, 11524, 19043, 3373, 11147
2041, 3, 6496, 14089, 8760, 14844, 2003, 8597
2051, 3, 7174, 14235, 10322, 15056, 2952, 10488
2061, 3, 6441, 13495, 8807, 14169, 1917, 9276
2071, 4, 8479, 15801, 12293, 17847, 2143, 9284
2081, 9, 12530, 23721, 18467, 27370, 3687, 10733
2091, 5, 8585, 16892, 12626, 22118, 4143, 11265
2101, 6, 9217, 18028, 12455, 19637, 4117, 11892
2111, 2, 6155, 12830, 8215, 12788, 1944, 8891
2121, 7, 11250, 19948, 15345, 24020, 4334, 12330
2131, 3, 7046, 14151, 10339, 15818, 3352, 11065
2141, 3, 7391, 14353, 10381, 16421, 3313, 10625
2151, 5, 8459, 16371, 10938, 17496, 3947, 11586
2161, 4, 8038, 15902, 11115, 18121, 3343, 10603
2171, 2, 5614, 13023, 8652, 13523, 3152, 10769
2181, 4, 7627, 15170, 11373, 16532, 3395, 10602
2191, 3, 6879, 14531, 10018, 15277, 1913, 8786
2201, 3, 8322, 14067, 10334, 16103, 3636, 10730
2211, 2, 5850, 12484, 7456, 13128, 1919, 8706
2221, 3, 6978, 14243, 10387, 16073, 3403, 10630
2231, 4, 7452, 14788, 9695, 16097, 2106, 8809
2241, 4, 8196, 18740, 14376, 20252, 3330, 10690
2251, 3, 6613, 13845, 9666, 15511, 3826, 11530
2261, 3, 6918, 14174, 10276, 14857, 2020, 8780
2271, 7, 10985, 21367, 15501, 22940, 3446, 10793
2281, 4, 6977, 14650, 10303, 16186, 2068, 8567
2291, 7, 10830, 21085, 16666, 30950, 2251, 8691
2301, 5, 8729, 16627, 12090, 18456, 1998, 9026
2311, 4, 6917, 15083, 9165, 15727, 3355, 11088
2321, 2, 5850, 12533, 7931, 13439, 1926, 8598
2331, 4, 7939, 14833, 10973, 16420, 3248, 10835
2341, 5, 8782, 17317, 12344, 18687, 3929, 12177
2351, 2, 6562, 13494, 8914, 14277, 3230, 10792
2361, 3, 6910, 13737, 8952, 14959, 3546, 11839
2371, 4, 6861, 14217, 9516, 15692, 3308, 10772
2381, 3, 7020, 17896, 10609, 18395, 2019, 8783
2391, 4, 7126, 14952, 10844, 16377, 3560, 11131
2401, 6, 10470, 18737, 15043, 21108, 3673, 10385
2411, 4, 8540, 16385, 11813, 18935, 3576, 11319
2421, 2, 6370, 15346, 8764, 14419, 1941, 9301
2431, 2, 6356, 13354, 9428, 14636, 3889, 11254
2441, 5, 8660, 17973, 18231, 19395, 2044, 8821
2451, 5, 13460, 18340, 14684, 21088, 3836, 11064
2461, 5, 7757, 16165, 10399, 17033, 2605, 8725
2471, 1, 5171, 11928, 6814, 12177, 1839, 8688
2481, 4, 7162, 14418, 8932, 15980, 3347, 10824
2491, 3, 7431, 14521, 9743, 15382, 3452, 11265
2501, 3, 7135, 13301, 10096, 14515, 1888, 8851
2511, 3, 6466, 12895, 7992, 13907, 1845, 8602
2521, 3, 7510, 14041, 10025, 15772, 3891, 11796
2531, 2, 6259, 13619, 10778, 16075, 2089, 8831
2541, 4, 10187, 15385, 9344, 15590, 3454, 11173
2551, 6, 8548, 17290, 11615, 18653, 3455, 10924
2561, 3, 6443, 13524, 9091, 14270, 3292, 11213
2571, 5, 8927, 17227, 12135, 19309, 4594, 12177
2581, 5, 9396, 17769, 18991, 19972, 4290, 12569
2591, 3, 12103, 16499, 13082, 18964, 3344, 11697
2601, 4, 7670, 15247, 10474, 16375, 3683, 10920
2611, 4, 8061, 16753, 12303, 18597, 3820, 10923
2621, 2, 6467, 12587, 8570, 13782, 1972, 9120
2631, 1, 5983, 11913, 7306, 12340, 1942, 9025
2641, 2, 6516, 13002, 9057, 16355, 2025, 8687
2651, 2, 6371, 13020, 8683, 13845, 1968, 9224
2661, 8, 9939, 19509, 14185, 22242, 4128, 11723
2671, 5, 9106, 17617, 13304, 21321, 3725, 11338
2681, 5, 7447, 16288, 10033, 17185, 3412, 10623
2691, 5, 8133, 17019, 11849, 18453, 3583, 11164
2701, 7, 10012, 19696, 12797, 20721, 4027, 11953
2711, 1, 4844, 11252, 6278, 11383, 1943, 8972
2721, 7, 10018, 19688, 13678, 21390, 3380, 11241
2731, 2, 6382, 13048, 7783, 13488, 3422, 11371
2741, 2, 6225, 13170, 8464, 14295, 3032, 10365
2751, 4, 8299, 16731, 12091, 17809, 3518, 10716
2761, 3, 6666, 13640, 9377, 15680, 3898, 11739
2771, 4, 7295, 13803, 9965, 15656, 1820, 8934
2781, 3, 8177, 15977, 12586, 17281, 3568, 11111
2791, 2, 5649, 12730, 7190, 12665, 2050, 9038
2801, 5, 8330, 17665, 13055, 19573, 1999, 8796
2811, 1, 4957, 11357, 6722, 12065, 1745, 9081
2821, 4, 8169, 15836, 11496, 19407, 4033, 11640
2831, 3, 7475, 15352, 10336, 15660, 3327, 10795
2841, 5, 9114, 21836, 12821, 18376, 3873, 10879
2851, 7, 11320, 22366, 17163, 24514, 2190, 9589
2861, 2, 5965, 12682, 7891, 13523, 1934, 9071
2871, 4, 8098, 16060, 12175, 18421, 3320, 10889
2881, 7, 9226, 18212, 12348, 21501, 4498, 12142
2891, 4, 8085, 15872, 10885, 17440, 2093, 8969
2901, 3, 7212, 14604, 10298, 15188, 4310, 11889
2911, 3, 7610, 14485, 10595, 16435, 3222, 10956
2921, 5, 8704, 15912, 10870, 17786, 2542, 8872
2931, 2, 6433, 15128, 9734, 13976, 3578, 10344
2941, 6, 8245, 16250, 11496, 18018, 3962, 12230
2951, 2, 5795, 12748, 7908, 13822, 1826, 8629
2961, 3, 6914, 13714, 9410, 15794, 2398, 8963
2971, 4, 8631, 16822, 11072, 16405, 3420, 10640
2981, 7, 9311, 23614, 12085, 20254, 3900, 11168
2991, 4, 8141, 17065, 12919, 18555, 1932, 8441
3001, 5, 8604, 17953, 12799, 18861, 3428, 11409
3011, 4, 7913, 16084, 12148, 17138, 4134, 12528
3021, 1, 5187, 11576, 7246, 11986, 1740, 8555
3031, 3, 6611, 14146, 10211, 15629, 3100, 10634
3041, 5, 8752, 17231, 13466, 19143, 3616, 11166
3051, 3, 6704, 13296, 8404, 14102, 3776, 11567
3061, 6, 10133, 19546, 14268, 21317, 2354, 8941
3071, 3, 7336, 15186, 11028, 15904, 2068, 8990
3081, 2, 5770, 12497, 6847, 12547, 1820, 8800
3091, 7, 10867, 20420, 15646, 22344, 2165, 8758
3101, 3, 7271, 14106, 10275, 15507, 2005, 8935
3111, 4, 7394, 15876, 12419, 17106, 4503, 12542
3121, 3, 6947, 14647, 10032, 15021, 2072, 9303
3131, 1, 5380, 11489, 6508, 11643, 1973, 8874
3141, 4, 7977, 17345, 11548, 18321, 2032, 8826
3151, 9, 10609, 20381, 13272, 22289, 4585, 13097
3161, 2, 5876, 12358, 7064, 12653, 3387, 10898
3171, 2, 6393, 13481, 8805, 13902, 1898, 9095
3181, 7, 12019, 22803, 19817, 26031, 4317, 12503
3191, 4, 8350, 16081, 12385, 18092, 3570, 10657
3201, 6, 8773, 17349, 13535, 20064, 2207, 8886
3211, 2, 6573, 13885, 9181, 13904, 2214, 8826
3221, 6, 9325, 17755, 18053, 20347, 3560, 10447
3231, 3, 9436, 14454, 9831, 15401, 2044, 8413
3241, 5, 8023, 15413, 10620, 18879, 4157, 12112
3251, 6, 10857, 21299, 17496, 22127, 2199, 9171
3261, 6, 9336, 18411, 12635, 20624, 4100, 12899
3271, 8, 12429, 22312, 17921, 26382, 4355, 12190
3281, 5, 9043, 16778, 11719, 18644, 2185, 9060
3291, 3, 7379, 14639, 9400, 18332, 2074, 8636
3301, 8, 10888, 27812, 18743, 33186, 4203, 12373
3311, 8, 11832, 22101, 17227, 24028, 4339, 11999
3321, 4, 8273, 16078, 11782, 17243, 4053, 11388
3331, 4, 7650, 15533, 11369, 16831, 3720, 11277
3341, 5, 8466, 15697, 11149, 17645, 3380, 10982
3351, 4, 11071, 15603, 11198, 21351, 2125, 9070
3361, 5, 8427, 15969, 11237, 18007, 3690, 11207
3371, 6, 8941, 23057, 15079, 23596, 2175, 9111
3381, 1, 6100, 11995, 7632, 13011, 1951, 8716
3391, 4, 8602, 16101, 11429, 18075, 2211, 8441
3401, 3, 7247, 15116, 10663, 15967, 2039, 9209
3411, 2, 6377, 13060, 8825, 14374, 2189, 8614
3421, 7, 9208, 18432, 13657, 21368, 4045, 11841
3431, 7, 10732, 19963, 15387, 22843, 4154, 11955
3441, 5, 9299, 17624, 12981, 19856, 2221, 9333
3451, 3, 7307, 14593, 9708, 15257, 3557, 10603
3461, 6, 9457, 18458, 13533, 20067, 3466, 11316
3471, 2, 6009, 12843, 8045, 13000, 3237, 10343
3481, 5, 9452, 16564, 12529, 17979, 3974, 12297
3491, 4, 6974, 15048, 9514, 15990, 2077, 8465
3501, 6, 9041, 17184, 12028, 19805, 2083, 8993
3511, 2, 7091, 13717, 10184, 15038, 3645, 12037
3521, 2, 7499, 14689, 9692, 15030, 3884, 12473
3531, 5, 8849, 18136, 12463, 20332, 3658, 11228
3541, 8, 11520, 22059, 16827, 24537, 3813, 11523
3551, 2, 6736, 13188, 9495, 15015, 1939, 9418
3561, 2, 6831, 13214, 8427, 14007, 2116, 9129
3571, 2, 6301, 13563, 8721, 13419, 2109, 9299
3581, 6, 11247, 20424, 15069, 21891, 2721, 8878
3591, 2, 6423, 12532, 7631, 13481, 1859, 8712
3601, 9, 11918, 22646, 16126, 24882, 3760, 10730
3611, 1, 5664, 13389, 8820, 13617, 1758, 8652
3621, 5, 8324, 17151, 12322, 19902, 2190, 8768
3631, 6, 9462, 17742, 12757, 20692, 4061, 12452
3641, 2, 6945, 13937, 10017, 15049, 1967, 8541
3651, 4, 8262, 16470, 13103, 18180, 3995, 11896
3661, 7, 12635, 20402, 17218, 23001, 3089, 10928
3671, 1, 5435, 11606, 6807, 12742, 1941, 9059
3681, 4, 7792, 15209, 11209, 18147, 2325, 9688
3691, 6, 10425, 20900, 15852, 22837, 3521, 11300
3701, 8, 11372, 20904, 16313, 25108, 2455, 9194
3711, 4, 7794, 15375, 10802, 16030, 2016, 8613
3721, 9, 11739, 22335, 17977, 25362, 4163, 12622
3731, 3, 6749, 14189, 9788, 15548, 1999, 8962
3741, 7, 10739, 19579, 15098, 22588, 4247, 12341
3751, 1, 5232, 10872, 6324, 11260, 3320, 10481
3761, 1, 5758, 12664, 8158, 14123, 1960, 9085
3771, 3, 7648, 14722, 10377, 16579, 3489, 10871
3781, 3, 7352, 14286, 9339, 14700, 3306, 10539
3791, 4, 8186, 16203, 11439, 19589, 3534, 11316
3801, 2, 6120, 13155, 7872, 13909, 1831, 9356
3811, 7, 10005, 18871, 13377, 20502, 4433, 12715
3821, 2, 5795, 11923, 6779, 12817, 3432, 11377
3831, 3, 6873, 14108, 9205, 15799, 2022, 9179
3841, 3, 6705, 13719, 8324, 14431, 2045, 9250
3851, 4, 8282, 15702, 10665, 17546, 3520, 10951
3861, 2, 6184, 13255, 9344, 14165, 1966, 9074
3871, 2, 6996, 13997, 10056, 15564, 2048, 8539
3881, 6, 9755, 19760, 15764, 21292, 2226, 8757
3891, 3, 7154, 14389, 9841, 15054, 1777, 8849
3901, 7, 9795, 19230, 15400, 22416, 2532, 8642
3911, 3, 6590, 14534, 8821, 15261, 1923, 8655
3921, 4, 7392, 18773, 10488, 16999, 1848, 9087
3931, 7, 10152, 18802, 14074, 21181, 4560, 13446
3941, 5, 8947, 20854, 13632, 19262, 4058, 13129
3951, 4, 7643, 16075, 11070, 16818, 1931, 9031
3961, 8, 13672, 22813, 18715, 27806, 4060, 11699
3971, 7, 10718, 20477, 15843, 24187, 4929, 12422
3981, 1, 5192, 11910, 7121, 12870, 1854, 8508
3991, 1, 5653, 12658, 8077, 13075, 3190, 10610
4001, 5, 8604, 16671, 10740, 17903, 2091, 9075
4011, 4, 7600, 15563, 10350, 16288, 3777, 11355
4021, 7, 11812, 22834, 18899, 26238, 2176, 8882
4031, 2, 6101, 13383, 8493, 14054, 1964, 9075
4041, 5, 9918, 18901, 15105, 21099, 4015, 11766
4051, 2, 5880, 12881, 7800, 13376, 1762, 8908
4061, 2, 5645, 12523, 7242, 12745, 1831, 8920
4071, 8, 11642, 21601, 17091, 26350, 4967, 13539
4081, 1, 7351, 11639, 7034, 11799, 2200, 8827
4091, 8, 12270, 22132, 22775, 23850, 4159, 11364
4101, 3, 9858, 14044, 9016, 14762, 3053, 11149
4111, 3, 7725, 18217, 11549, 16421, 2345, 9224
4121, 4, 8184, 16193, 15962, 23251, 2030, 8973
4131, 4, 10909, 15795, 11541, 21293, 2142, 9097
4141, 4, 7790, 19747, 11246, 17260, 3786, 10904
4151, 2, 6151, 14405, 11087, 13728, 1857, 9061
4161, 5, 12208, 17046, 12989, 18354, 4042, 10225
4171, 7, 11135, 19778, 16023, 25102, 4945, 12176
4181, 3, 6715, 14032, 12119, 15627, 2087, 8663
4191, 5, 9817, 19580, 10645, 17829, 2139, 8905
4201, 6, 8820, 17866, 13699, 19757, 4144, 11172
4211, 5, 10115, 25684, 20001, 21206, 2197, 8615
4221, 7, 13749, 24481, 14036, 21555, 3765, 10835
4231, 5, 10148, 18432, 15333, 22172, 4044, 13082
4241, 3, 6492, 14857, 7976, 16630, 2067, 8886
4251, 3, 7275, 14334, 9454, 18009, 2134, 8748
4261, 3, 6673, 14449, 10454, 15002, 3248, 10999
4271, 5, 8569, 20312, 12405, 18688, 4607, 12909
4281, 2, 6639, 13348, 12479, 16192, 1840, 8961
4291, 5, 11040, 16062, 11392, 17489, 3463, 10616
4301, 4, 7217, 15718, 9899, 16476, 3437, 10062
4311, 4, 7273, 15007, 10124, 16661, 2249, 9184
4321, 4, 7381, 16673, 11106, 17434, 3512, 11363
4331, 4, 9452, 17126, 13049, 19018, 3227, 10907
4341, 6, 9528, 18262, 15041, 25902, 4360, 11816
4351, 3, 7491, 13893, 8966, 15501, 1839, 8736
4361, 8, 12020, 22144, 17387, 24604, 5732, 14891
4371, 7, 9723, 18818, 17543, 27099, 2379, 9233
4381, 1, 7911, 12289, 7163, 12666, 2320, 9388
4391, 6, 10427, 25228, 20328, 29150, 2090, 9095
4401, 1, 7503, 11519, 7332, 12514, 1797, 8778
4411, 2, 6546, 13570, 9181, 13850, 3210, 11150
4421, 3, 9632, 14308, 9589, 15433, 2346, 8922
4431, 7, 9869, 18734, 17401, 20723, 2256, 8734
4441, 4, 10949, 16062, 11646, 20938, 3416, 10940
4451, 4, 8924, 16922, 14557, 23558, 3454, 10847
4461, 7, 9132, 18217, 12947, 21259, 3789, 10800
4471, 2, 5848, 14169, 7555, 13228, 1950, 8742
4481, 5, 10950, 17777, 13081, 19162, 3693, 11691
4491, 4, 9012, 19772, 11991, 18272, 3498, 10412
4501, 7, 11314, 21474, 16661, 24237, 4383, 11466
4511, 5, 8277, 16210, 10969, 18518, 3587, 11188
4521, 4, 7657, 15235, 10062, 16439, 1887, 8513
4531, 2, 5884, 12371, 7844, 13277, 3233, 10607
4541, 6, 8906, 17821, 13779, 20822, 2239, 8950
4551, 5, 8581, 16199, 12771, 18199, 2135, 9005
4561, 3, 7710, 15449, 11288, 16516, 2125, 8678
4571, 15, 15422, 28811, 21720, 33273, 2668, 8582
4581, 2, 6177, 12967, 8070, 13770, 1996, 9318
4591, 3, 6993, 14030, 9451, 15133, 3431, 10991
4601, 4, 7943, 15263, 10482, 17029, 3457, 11224
4611, 1, 5307, 11764, 6426, 13069, 3606, 12193
4621, 5, 8793, 16517, 11059, 17439, 3406, 10790
4631, 5, 9425, 17953, 13097, 19585, 2200, 9141
4641, 4, 8505, 16158, 11490, 17871, 2448, 9213
4651, 4, 8932, 17297, 13059, 18478, 4046, 12633
4661, 4, 8684, 17099, 12899, 18457, 2055, 9030
4671, 2, 6533, 12877, 9019, 13621, 1876, 8922
4681, 2, 6223, 12609, 9084, 14035, 3277, 10982
4691, 4, 8732, 15541, 11621, 17199, 3496, 11012
4701, 5, 8044, 16768, 11360, 18331, 3414, 10920
4711, 12, 14805, 27721, 22990, 31631, 2668, 8788
4721, 7, 10164, 19846, 14986, 23589, 3806, 11243
4731, 6, 9341, 17852, 13685, 20142, 5328, 21929
4741, 4, 7668, 15623, 10859, 17781, 3055, 10032
4751, 3, 7896, 14865, 10497, 15557, 3138, 11012
4761, 2, 6443, 13858, 9346, 15612, 1772, 8780
4771, 4, 8099, 19485, 12451, 17368, 1954, 8828
4781, 5, 9721, 16694, 10822, 22637, 2305, 8829
4791, 6, 9631, 23309, 13352, 20767, 1989, 8858
4801, 2, 7337, 13778, 10858, 14820, 1954, 8710
4811, 3, 7556, 15032, 10662, 15884, 3538, 11307
4821, 3, 7270, 14670, 10780, 15826, 1954, 8822
4831, 4, 9107, 17703, 13465, 19032, 3375, 11091
4841, 10, 12665, 24310, 20129, 27845, 5029, 14580
4851, 3, 6758, 14019, 8669, 14475, 3148, 10619
4861, 5, 8772, 19069, 12849, 19769, 2167, 8978
4871, 3, 6827, 13936, 9067, 14981, 3370, 10802
4881, 4, 7820, 16208, 11565, 19556, 4232, 11375
4891, 1, 5489, 11729, 7587, 12533, 1731, 8877
4901, 1, 4922, 11377, 6300, 11870, 1780, 9295
4911, 7, 10391, 19494, 14072, 22109, 2340, 8725
4921, 4, 8793, 16482, 11739, 17649, 3532, 10852
4931, 5, 8177, 16523, 11149, 17944, 4749, 14982
4941, 7, 10318, 20932, 14638, 24560, 4305, 12092
4951, 7, 11419, 21670, 17022, 24994, 4210, 12126
4961, 3, 6651, 13481, 8726, 14914, 1954, 8900
4971, 3, 7932, 14833, 10128, 15948, 3558, 10521
4981, 5, 8080, 15818, 10559, 17109, 2239, 8972
4991, 2, 6690, 13164, 9227, 14849, 3082, 11038
5001, 4, 8567, 16781, 13459, 19041, 3412, 11022
5011, 8, 12178, 22471, 16326, 24142, 5084, 14416
5021, 11, 13040, 28287, 18501, 27376, 4757, 11116
5031, 5, 9389, 18354, 17443, 21173, 2132, 8977
5041, 3, 7332, 14584, 10457, 17025, 3549, 11082
5051, 3, 7467, 15004, 10327, 15897, 3400, 11123
5061, 1, 6308, 12455, 7674, 12170, 1760, 8604
5071, 0, 3852, 9593, 4630, 9996, 1653, 8706
5081, 5, 9010, 17116, 12610, 19647, 2060, 8962
5091, 4, 7781, 15108, 10809, 16580, 3374, 11546
5101, 4, 7779, 15845, 12343, 17067, 3549, 11120
5111, 7, 9889, 19397, 13643, 21586, 4297, 13193
5121, 5, 9503, 18865, 13985, 21201, 4009, 12487
5131, 4, 7592, 15330, 9939, 15415, 1859, 8963
5141, 4, 8258, 15398, 11528, 17631, 2352, 9070
5151, 8, 12215, 22930, 17498, 26116, 5832, 15696
5161, 2, 6281, 13231, 8047, 13553, 3300, 10874
5171, 7, 9863, 19527, 13855, 21217, 4108, 13495
5181, 8, 11971, 22856, 18217, 25702, 3616, 11377
5191, 3, 7155, 14096, 8936, 15179, 2126, 9096
5201, 4, 8178, 16405, 11912, 17136, 5018, 12360
5211, 4, 8618, 16336, 12965, 17865, 3541, 11059
5221, 4, 8686, 15782, 11635, 17711, 1915, 8955
5231, 6, 8823, 17716, 12515, 19778, 4376, 13480
5241, 8, 11469, 21439, 15700, 24368, 2220, 8890
5251, 4, 8122, 16283, 14263, 17794, 2046, 8732
5261, 3, 7513, 14837, 9779, 16128, 1921, 8983
5271, 6, 9968, 17393, 12475, 20299, 2128, 9057
5281, 3, 6990, 13846, 8929, 15202, 3590, 12372
5291, 2, 6735, 14417, 9194, 14187, 3199, 11069
5301, 4, 8333, 16094, 11810, 17808, 1971, 9168
5311, 7, 11483, 21687, 16611, 24182, 3716, 10647
5321, 2, 6956, 13571, 10461, 14762, 2086, 8773
5331, 2, 6497, 13090, 8597, 14228, 3468, 10901
5341, 4, 7925, 16308, 11671, 16913, 3596, 11051
5351, 1, 5116, 11626, 6305, 12043, 1806, 9143
5361, 4, 7848, 15739, 10613, 17102, 2088, 8968
5371, 3, 7010, 14446, 9712, 15594, 3362, 11177
5381, 2, 6699, 13910, 10128, 14955, 3757, 11847
5391, 4, 8126, 16046, 11080, 17346, 3406, 11011
5401, 8, 11857, 22618, 17641, 28232, 4048, 11671
5411, 8, 10180, 19594, 12417, 21262, 4412, 11057
5421, 2, 6438, 13857, 8921, 14249, 3417, 10649
5431, 2, 6407, 13254, 9640, 17646, 2063, 9045
5441, 3, 7765, 14306, 8641, 14722, 3647, 11058
5451, 7, 10849, 20624, 16112, 23260, 3799, 10952
5461, 3, 6923, 14146, 9403, 14991, 2158, 9211
5471, 1, 5446, 11613, 7264, 12911, 1831, 9424
5481, 3, 7461, 14857, 9793, 15787, 2132, 8718
5491, 1, 4881, 11348, 6504, 11981, 1826, 8988
5501, 4, 8019, 15937, 11862, 17495, 3561, 10776
5511, 3, 6897, 15190, 11044, 16580, 4286, 13270
5521, 6, 8544, 17039, 11603, 18432, 3918, 10647
5531, 7, 9424, 18290, 13236, 20999, 4293, 12198
5541, 6, 9330, 18236, 13496, 21178, 2040, 9131
5551, 6, 11054, 18642, 13991, 21311, 3901, 10762
5561, 3, 7622, 16191, 11970, 17071, 2056, 8763
5571, 6, 7890, 16215, 10696, 19055, 4538, 13478
5581, 3, 7246, 14664, 9624, 15067, 1886, 8939
5591, 3, 6589, 13678, 8462, 13946, 3650, 10859
5601, 5, 7891, 16199, 13323, 17965, 3370, 11989
5611, 3, 7868, 15924, 10802, 16463, 3477, 11094
5621, 3, 6630, 14566, 9583, 15451, 2053, 8717
5631, 5, 8396, 16230, 10639, 18610, 3751, 11466
5641, 2, 6117, 12891, 9047, 14044, 1805, 8958
5651, 2, 6009, 13531, 7283, 14370, 3448, 11392
5661, 7, 11040, 20903, 16276, 23050, 2230, 9186
5671, 0, 4351, 9929, 4557, 10482, 1741, 8449
5681, 6, 9861, 18599, 14528, 21367, 3908, 11041
5691, 6, 9590, 19266, 14611, 28012, 2081, 8632
5701, 5, 8101, 16831, 12652, 18534, 3541, 10946
5711, 1, 5041, 11541, 6207, 11570, 2997, 10874
5721, 4, 7347, 15514, 10235, 18297, 3404, 10854
5731, 3, 7581, 15473, 11027, 16302, 1942, 9176
5741, 6, 9718, 19694, 15905, 21450, 3839, 11043
5751, 2, 7159, 13225, 9140, 14398, 3994, 11139
5761, 1, 6160, 12490, 11514, 13055, 1685, 9185
5771, 5, 13974, 19078, 15781, 21422, 2209, 8954
5781, 5, 8128, 17176, 12193, 18644, 3823, 11411
5791, 3, 7355, 14452, 10168, 16384, 1836, 8818
5801, 1, 5805, 11458, 6933, 11945, 1772, 8624
5811, 4, 7806, 15273, 10286, 18495, 2087, 8705
5821, 8, 11311, 21296, 16017, 23150, 3949, 11688
5831, 6, 9178, 18373, 13033, 19784, 1971, 8816
5841, 5, 7598, 15726, 10286, 17465, 3674, 12178
5851, 6, 9824, 18186, 13931, 21391, 3806, 10459
5861, 4, 7793, 15377, 11976, 21085, 3499, 11361
5871, 1, 5283, 11753, 6443, 11861, 1850, 9096
5881, 6, 11077, 20519, 16057, 21531, 4809, 12534
5891, 7, 9396, 23000, 13277, 19972, 4029, 12125
5901, 5, 8413, 16345, 11636, 18369, 3301, 11303
5911, 2, 6452, 12767, 10846, 16090, 3480, 11033
5921, 4, 7446, 16201, 10502, 16458, 2531, 9223
5931, 7, 11172, 21139, 21978, 22750, 3891, 11358
5941, 2, 7959, 12163, 6954, 12826, 1828, 8633
5951, 5, 8204, 15081, 10733, 17287, 2455, 8707
5961, 6, 9605, 18210, 18003, 20557, 2328, 8685
5971, 5, 12155, 17298, 12191, 23674, 3443, 10933
5981, 4, 7455, 15230, 10420, 16250, 3948, 12075
5991, 3, 7294, 13705, 9421, 14592, 1883, 8798
6001, 7, 9838, 24454, 13415, 21446, 3706, 11071
6011, 2, 6150, 12904, 8049, 13365, 1745, 8868
6021, 6, 10274, 18992, 15330, 22033, 4181, 10942
6031, 3, 6846, 14377, 12944, 15543, 3422, 11186
6041, 1, 8447, 12444, 7816, 13284, 1706, 8972
6051, 7, 9897, 19207, 13910, 21749, 3950, 13282
6061, 0, 3851, 9867, 4649, 10065, 1630, 9282
6071, 3, 7602, 14604, 10667, 16264, 3311, 11095
6081, 5, 8528, 16830, 11006, 18361, 3610, 10987
6091, 5, 8870, 18025, 12542, 18786, 2076, 9049
6101, 9, 11649, 21748, 16699, 24806, 4087, 10977
6111, 2, 5956, 13060, 8126, 13764, 1953, 9095
6121, 1, 5126, 11583, 6352, 11449, 3197, 10551
6131, 7, 9670, 18926, 13495, 22960, 3597, 11196
6141, 5, 8440, 15732, 13078, 19781, 3678, 10805
6151, 4, 8188, 16111, 11929, 22212, 3626, 11284
6161, 5, 8786, 16245, 12131, 18408, 3890, 11431
6171, 3, 8047, 14307, 13570, 15157, 3553, 11137
6181, 2, 9501, 15948, 10243, 17742, 3603, 11152
6191, 3, 7068, 13941, 13501, 14981, 3352, 10665
6201, 3, 9585, 14103, 9285, 15429, 2051, 8544
6211, 4, 7417, 17368, 9804, 15854, 3862, 12787
6221, 7, 11574, 21154, 18026, 25099, 4323, 12082
6231, 3, 10460, 15025, 11540, 16766, 3866, 10583
6241, 3, 6987, 14168, 13290, 15519, 3321, 11042
6251, 3, 10816, 15957, 11556, 17472, 1822, 8960
6261, 2, 6657, 13098, 9384, 14226, 2218, 8844
6271, 5, 8748, 20206, 16118, 19110, 4038, 10478
6281, 5, 11271, 19580, 11666, 19271, 3863, 11047
6291, 7, 10750, 20071, 15679, 22612, 4197, 11539
6301, 3, 7418, 14179, 10804, 16666, 1712, 8945
6311, 6, 9705, 18570, 14601, 21184, 4078, 12824
6321, 3, 7260, 14916, 11848, 16053, 2088, 8747
6331, 1, 6063, 12110, 7918, 12636, 1565, 8879
6341, 5, 9439, 18343, 17723, 19806, 1984, 8645
6351, 3, 7905, 17934, 11134, 16429, 3361, 10995
6361, 4, 8032, 19605, 11996, 21932, 1960, 8610
6371, 7, 10083, 19439, 15657, 22397, 4070, 11590
6381, 6, 8882, 18591, 14256, 20790, 4056, 10399
6391, 6, 8819, 17391, 16133, 19001, 3681, 10980
6401, 2, 5918, 12076, 7520, 13091, 1870, 8889
6411, 1, 5038, 11651, 6685, 12461, 2426, 9712
6421, 3, 6556, 13095, 7657, 13684, 2068, 8720
6431, 1, 5581, 11935, 7875, 12753, 1500, 8941
6441, 2, 6471, 12539, 10780, 13471, 3545, 11312
6451, 4, 10732, 15273, 11544, 17677, 3795, 11500
6461, 4, 9164, 17486, 13646, 19866, 3753, 11037
6471, 5, 9788, 19075, 14680, 21468, 3648, 11343
6481, 5, 9825, 19277, 14441, 21035, 1820, 9060
6491, 5, 8957, 18344, 15006, 20831, 2377, 8919
6501, 6, 10193, 21858, 15375, 22057, 3730, 10704
6511, 3, 7120, 13604, 9323, 15606, 3117, 10516
6521, 4, 6923, 17516, 10181, 16457, 3549, 11689
6531, 5, 9304, 17662, 13496, 20019, 3738, 10929
6541, 3, 7481, 14588, 10937, 15846, 1876, 9009
6551, 2, 6353, 13455, 9191, 14528, 2020, 9554
6561, 5, 11267, 22748, 14273, 19035, 3286, 10543
6571, 4, 7972, 19122, 11965, 17443, 2008, 8332
6581, 4, 10831, 15081, 11582, 23929, 4064, 11979
6591, 3, 6851, 14185, 9119, 15757, 3743, 12150
6601, 5, 9395, 18029, 15363, 20799, 3391, 11102
6611, 6, 10546, 18629, 15366, 20824, 2105, 8670
6621, 6, 10473, 18727, 15536, 21567, 4292, 11687
6631, 8, 11025, 20764, 15872, 27956, 4552, 14060
6641, 3, 7110, 14341, 10061, 16125, 1955, 8839
6651, 5, 9036, 22238, 13569, 19497, 3408, 10721
6661, 1, 5522, 12049, 7148, 12270, 1746, 8963
6671, 5, 8702, 17101, 13760, 18618, 3415, 10770
6681, 5, 8521, 17389, 13111, 18540, 2017, 9694
6691, 5, 9725, 17315, 12891, 18225, 3779, 10820
6701, 4, 8288, 17932, 11700, 17779, 3386, 10964
6711, 2, 6349, 12622, 7860, 13852, 2063, 8668
6721, 7, 10572, 19853, 14493, 22273, 4649, 12918
6731, 1, 5652, 11934, 7244, 12101, 3257, 10750
6741, 7, 11727, 23201, 19239, 25315, 3934, 11227
6751, 1, 5306, 11577, 7077, 12141, 3069, 10985
6761, 3, 7658, 14585, 11028, 16230, 1918, 8908
6771, 2, 6225, 13082, 9012, 14146, 3251, 10631
6781, 2, 6631, 14017, 12170, 15480, 1971, 9027
6791, 4, 10557, 15219, 11103, 16569, 2068, 9003
6801, 3, 7322, 14867, 10974, 16076, 3171, 10606
6811, 3, 7212, 15074, 10344, 15620, 1885, 8689
6821, 5, 9002, 18058, 13958, 19904, 4452, 11435
6831, 10, 12946, 26796, 26980, 29068, 3723, 10813
6841, 6, 12089, 16751, 11480, 19259, 3840, 11610
6851, 4, 8728, 16192, 12940, 18226, 2149, 8967
6861, 3, 7384, 14658, 9967, 15779, 3424, 10885
6871, 6, 10584, 20784, 16752, 29636, 3394, 11104
6881, 11, 13081, 24184, 17395, 36086, 4042, 11069
6891, 0, 3928, 9832, 7313, 10342, 1685, 8807
6901, 3, 8811, 13212, 7941, 14003, 1853, 8983
6911, 4, 7869, 15970, 11303, 18586, 3353, 10634
6921, 2, 5790, 13244, 7979, 13079, 3538, 10533
6931, 6, 8672, 17008, 11633, 19816, 3561, 11244
6941, 4, 8228, 15969, 12252, 18263, 3555, 10553
6951, 1, 5091, 11510, 6147, 11424, 1868, 8785
6961, 8, 11219, 21234, 16662, 27614, 3897, 11045
6971, 8, 11016, 20309, 15911, 23829, 4928, 14375
6981, 4, 8220, 15500, 10641, 16657, 3622, 12725
6991, 4, 7997, 15381, 10818, 17604, 3603, 11141
7001, 4, 7326, 15320, 13311, 16488, 3666, 11809
7011, 3, 9606, 14521, 9401, 15171, 1939, 8963
7021, 8, 10954, 21168, 18881, 23947, 4161, 11078
7031, 6, 9910, 18987, 13474, 21560, 2165, 9209
7041, 5, 9603, 21577, 13292, 19469, 2257, 8767
7051, 2, 5987, 13130, 8951, 14241, 2092, 9098
7061, 2, 5908, 12888, 8964, 13397, 1888, 8936
7071, 4, 8223, 16062, 12640, 18117, 3290, 10751
7081, 2, 5989, 12966, 9216, 13831, 2170, 9115
7091, 6, 9583, 18178, 13517, 19839, 4119, 11912
7101, 6, 9832, 21020, 11713, 19421, 4185, 11908
7111, 4, 7785, 16580, 11673, 17253, 4547, 11983
7121, 6, 9728, 19013, 19015, 19989, 3419, 10974
7131, 5, 11050, 16345, 10552, 17433, 4005, 12177
7141, 5, 9064, 21641, 13281, 18419, 1987, 8753
7151, 9, 12241, 22651, 17397, 24675, 3583, 10793
7161, 5, 8278, 16912, 13283, 19034, 4506, 11937
7171, 3, 6986, 14215, 13283, 15658, 3667, 12145
7181, 3, 9437, 13708, 8277, 14221, 3330, 10695
7191, 4, 8914, 18888, 11651, 16766, 4631, 12023
7201, 3, 7695, 15246, 15142, 16114, 2126, 8654
7211, 3, 10105, 14284, 10258, 18521, 1819, 8797
7221, 7, 9377, 18348, 12914, 20535, 4243, 12823
7231, 2, 6146, 13955, 8185, 13380, 3153, 11032
7241, 5, 9377, 17857, 13611, 20618, 3397, 11390
7251, 5, 8625, 18232, 13941, 19805, 2367, 9245
7261, 3, 6440, 13411, 7878, 13694, 3885, 11766
7271, 2, 5771, 12264, 8145, 14288, 2012, 9096
7281, 4, 7625, 15456, 10436, 17064, 2128, 8633
7291, 8, 11477, 21393, 16557, 23202, 4501, 12430
7301, 5, 9084, 18708, 14428, 20356, 3543, 11164
7311, 7, 10601, 19752, 14841, 22158, 3781, 13182
7321, 1, 5399, 12174, 7370, 13397, 1773, 9075
7331, 3, 6237, 13410, 8735, 14283, 1929, 8895
7341, 2, 6661, 13493, 8599, 14019, 3886, 10858
7351, 2, 6560, 14291, 14029, 14896, 3279, 10798
7361, 3, 9838, 14368, 9432, 15473, 3199, 11284
7371, 2, 6422, 12561, 8550, 15469, 3576, 11020
7381, 2, 6917, 13206, 9282, 14007, 4010, 12279
7391, 3, 7231, 14445, 9738, 15749, 3387, 11591
7401, 5, 9046, 17144, 13144, 20000, 1937, 8947
7411, 5, 8048, 16437, 10927, 17763, 4065, 13412
7421, 3, 7437, 16840, 8846, 14994, 1955, 9071
7431, 5, 9298, 18318, 18028, 20311, 3520, 11341
7441, 1, 5509, 12425, 7895, 12850, 1820, 8679
7451, 3, 5840, 13121, 9242, 13866, 1936, 8682
7461, 3, 7968, 15290, 11558, 17431, 1967, 9191
7471, 6, 9666, 18877, 14108, 20389, 3603, 10331
7481, 5, 8705, 17282, 13543, 19614, 3960, 12220
7491, 4, 9194, 17393, 14038, 19505, 3446, 10890
7501, 9, 13036, 23657, 19232, 26569, 3795, 11760
7511, 4, 8521, 16620, 15997, 18798, 4017, 10481
7521, 2, 7159, 13032, 12549, 13559, 1878, 8890
7531, 7, 10571, 20168, 15427, 22811, 3771, 11286
7541, 4, 7764, 15584, 10923, 16653, 4076, 12123
7551, 1, 5246, 11880, 7302, 12589, 3317, 11097
7561, 4, 7420, 15484, 10058, 15934, 2188, 8698
7571, 4, 8723, 17049, 13534, 19032, 2051, 8684
7581, 4, 7549, 15849, 10940, 17012, 3739, 12158
7591, 2, 6032, 12790, 8025, 13567, 3431, 11912
7601, 3, 7085, 15074, 10403, 15892, 2021, 9019
7611, 7, 10347, 19400, 15215, 22128, 4882, 14155
7621, 3, 7385, 14110, 10429, 16242, 1908, 8783
7631, 3, 7873, 15960, 11884, 17480, 2064, 9141
7641, 1, 5220, 11634, 6774, 12708, 1810, 9075
7651, 2, 6626, 13221, 9009, 13782, 3232, 10525
7661, 4, 7579, 17244, 10162, 16366, 2304, 8678
7671, 1, 5319, 11885, 6975, 11820, 1932, 8681
7681, 0, 3767, 9751, 4673, 10089, 1755, 8825
7691, 4, 8379, 16150, 12031, 17313, 3473, 10993
7701, 2, 5813, 12454, 6906, 12542, 2257, 8769
7711, 9, 11050, 20772, 20489, 23350, 3694, 10396
7721, 1, 7465, 11449, 6837, 12196, 1774, 9011
7731, 4, 7642, 17738, 10605, 16075, 2174, 9011
7741, 3, 7152, 14960, 11226, 16703, 1743, 9226
7751, 4, 7836, 18147, 10294, 16441, 4022, 12200
7761, 6, 10497, 17825, 12762, 25033, 3996, 11850
7771, 3, 6766, 13454, 9035, 14533, 3869, 11231
7781, 1, 5659, 11664, 9603, 11953, 1974, 9015
7791, 5, 12368, 17992, 13525, 19777, 4372, 12637
7801, 5, 9037, 17643, 12933, 18996, 3590, 11100
7811, 5, 10503, 21963, 19065, 19273, 3374, 10979
7821, 3, 8704, 13110, 7612, 14314, 4000, 12523
7831, 5, 9740, 18580, 14218, 20868, 4025, 12454
7841, 6, 14088, 18972, 14391, 20758, 2542, 9556
7851, 3, 6669, 14358, 8604, 15128, 1914, 8884
7861, 2, 5411, 12512, 6990, 13020, 3444, 11062
7871, 3, 7717, 15220, 11781, 17863, 3536, 11878
7881, 4, 12005, 18873, 29870, 20604, 3508, 10631
7891, 2, 6454, 12780, 9401, 13803, 2007, 9586
7901, 7, 10295, 20522, 16693, 21830, 3828, 11868
7911, 3, 9722, 15915, 9191, 14688, 1788, 8804
7921, 4, 7701, 18172, 9333, 19868, 2228, 9033
7931, 7, 9209, 18349, 12034, 20352, 2033, 8949
7941, 6, 9673, 18694, 15819, 22017, 2555, 8976
7951, 2, 5708, 12752, 12551, 15688, 3439, 11463
7961, 4, 10995, 16380, 10929, 16730, 2106, 8941
7971, 7, 10601, 19714, 15365, 22959, 4061, 12799
7981, 3, 7385, 14225, 10538, 15466, 2035, 9058
7991, 5, 8618, 16301, 11761, 17867, 2069, 8645
8001, 5, 10055, 17382, 12657, 24394, 4460, 13760
8011, 5, 8442, 18100, 11393, 18510, 2069, 8735
8021, 8, 11840, 28967, 18804, 25881, 3618, 10689
8031, 3, 7779, 15482, 11812, 16724, 4549, 11878
8041, 3, 6697, 13314, 11822, 14832, 3739, 11071
8051, 7, 15573, 20951, 16497, 23100, 4175, 12166
8061, 8, 11460, 21212, 16783, 24170, 3884, 11605
8071, 5, 10483, 22455, 12151, 17879, 2423, 8848
8081, 3, 8055, 16075, 15697, 16372, 4028, 13229
8091, 7, 13779, 18823, 15380, 21360, 4444, 14874
8101, 7, 9789, 18261, 13777, 20817, 3814, 11275
8111, 3, 6518, 15747, 8782, 17427, 1953, 8671
8121, 6, 8857, 18538, 13204, 26359, 3956, 10629
8131, 3, 6589, 13312, 14009, 14803, 4114, 11343
8141, 1, 5365, 12588, 10033, 12301, 1972, 8851
8151, 6, 13047, 18039, 13488, 25929, 3525, 11077
8161, 7, 11113, 21691, 19230, 33132, 2518, 8786
8171, 3, 8109, 15320, 15448, 16182, 3550, 10293
8181, 3, 9657, 12797, 8665, 15079, 1924, 8622
8191, 6, 9640, 23549, 14325, 26929, 2203, 9804
8201, 3, 7847, 13415, 8678, 14793, 4243, 11703
8211, 9, 11435, 21857, 22150, 34487, 4220, 11894
8221, 7, 14273, 19063, 14825, 29133, 2166, 8835
8231, 2, 6676, 14309, 10234, 15161, 3416, 11045
8241, 4, 7347, 17608, 10298, 17049, 2357, 9087
8251, 6, 10459, 19149, 20449, 21493, 3486, 10399
8261, 6, 12960, 17145, 13208, 25863, 3884, 13016
8271, 6, 9015, 17094, 12640, 18316, 4208, 12069
8281, 7, 9891, 19837, 15620, 21569, 4101, 10822
8291, 3, 7023, 14538, 13573, 15948, 1955, 8699
8301, 9, 16086, 22202, 17630, 25551, 2584, 9076
8311, 9, 12543, 23748, 24892, 29339, 2691, 8921
8321, 5, 9209, 17550, 13763, 19777, 2247, 8704
8331, 6, 9289, 19164, 14442, 20048, 3566, 10734
8341, 5, 9530, 18369, 14200, 19755, 1878, 8540
8351, 5, 8255, 16091, 12208, 18785, 2239, 8879
8361, 3, 7306, 14323, 10224, 15576, 3118, 11251
8371, 3, 6862, 14432, 9086, 15053, 2459, 8656
8381, 3, 6654, 14445, 14113, 14967, 3394, 10890
8391, 1, 6991, 11007, 6856, 11321, 1880, 8692
8401, 3, 6759, 13762, 8880, 14872, 3082, 11003
8411, 2, 6538, 16372, 10030, 14820, 3124, 10966
8421, 2, 6834, 14225, 10397, 18234, 2069, 9075
8431, 4, 7203, 14623, 11189, 16395, 3297, 11250
8441, 6, 9772, 18563, 13177, 26925, 3605, 11821
8451, 3, 6995, 14281, 9335, 15053, 3244, 11245
8461, 5, 8957, 19223, 13793, 18832, 3416, 11410
8471, 4, 8346, 15984, 12109, 16816, 3226, 11101
8481, 5, 9493, 16719, 12518, 19098, 2302, 8531
8491, 3, 7394, 17089, 10693, 15908, 2038, 8970
8501, 3, 7380, 15123, 11156, 16370, 1955, 9194
8511, 4, 8124, 15740, 10789, 17183, 3510, 10982
8521, 5, 9927, 22922, 14473, 19817, 4401, 12384
8531, 4, 9114, 16650, 12313, 17946, 3476, 11187
8541, 5, 8264, 16576, 11306, 18453, 3933, 11054
8551, 1, 5322, 11685, 7002, 12137, 1998, 9299
8561, 2, 6519, 13159, 9261, 14391, 2100, 9191
8571, 6, 9504, 17862, 13391, 20549, 2710, 8854
8581, 2, 6101, 13247, 12111, 13914, 3796, 11728
8591, 2, 7736, 11938, 7232, 12834, 3380, 10586
8601, 3, 6667, 13708, 9126, 15766, 2414, 9265
8611, 2, 7087, 14311, 10884, 15030, 1879, 8912
8621, 6, 9733, 19237, 14702, 20991, 2992, 10641
8631, 1, 5597, 11912, 6882, 11837, 1918, 8899
8641, 4, 8666, 17139, 13194, 18496, 2000, 8740
8651, 2, 6988, 13601, 8658, 14598, 1886, 8796
8661, 2, 6624, 13306, 10214, 14466, 2013, 8512
8671, 5, 8369, 16126, 12237, 18131, 3893, 12053
8681, 3, 6945, 13967, 8667, 14185, 3264, 10672
8691, 5, 7851, 15985, 11138, 18314, 2048, 9049
8701, 8, 11984, 22877, 17308, 24756, 4057, 10721
8711, 3, 7312, 14064, 9364, 15137, 2012, 8720
8721, 5, 8142, 16423, 11011, 18009, 2026, 8675
8731, 2, 5790, 11963, 6919, 13078, 1921, 8721
8741, 5, 8379, 18128, 12403, 19023, 3622, 11013
8751, 4, 8583, 16254, 13432, 19055, 3405, 11314
8761, 7, 10180, 19512, 13525, 20773, 4392, 13172
8771, 4, 6573, 14315, 8944, 14923, 3161, 10385
8781, 6, 10240, 19180, 14900, 21051, 3543, 11334
8791, 12, 15051, 29079, 23781, 31357, 2554, 8894
8801, 3, 7227, 14735, 9888, 15687, 1911, 9182
8811, 3, 6644, 14263, 8716, 14438, 3346, 11035
8821, 5, 8667, 17073, 13075, 18617, 2142, 8631
8831, 4, 8312, 15339, 11137, 16781, 4261, 12488
8841, 5, 8588, 16745, 12820, 19221, 2011, 8507
8851, 5, 8301, 16988, 12631, 18208, 3783, 11756
8861, 6, 9539, 17986, 13274, 20603, 3564, 11847
8871, 7, 9044, 17972, 12359, 20137, 3793, 11898
8881, 4, 8552, 17924, 17840, 19912, 4063, 11444
8891, 8, 11459, 21854, 17306, 24916, 4626, 11643
8901, 7, 10860, 21202, 16890, 32932, 3743, 11221
8911, 3, 6679, 13539, 8415, 14518, 2344, 9257
8921, 3, 6982, 13924, 12897, 15865, 1992, 9043
8931, 2, 7903, 12146, 7507, 12987, 3385, 11050
8941, 3, 7392, 14485, 9167, 18103, 1950, 8378
8951, 5, 8011, 20360, 12144, 17893, 2200, 9081
8961, 3, 7053, 15894, 13567, 15278, 3495, 10668
8971, 7, 13490, 18650, 13404, 27077, 4313, 11556
8981, 6, 10398, 19764, 15374, 21687, 2400, 8648
8991, 6, 9211, 17834, 13408, 20421, 5059, 14472
9001, 1, 5183, 10961, 8901, 11587, 1750, 8859
9011, 2, 8346, 12955, 7552, 14449, 3254, 10991
9021, 6, 10227, 24761, 15703, 20906, 2427, 8977
9031, 4, 7440, 14713, 9524, 15668, 3391, 11042
9041, 3, 7623, 13977, 9528, 18728, 3827, 11151
9051, 1, 5058, 10847, 8746, 12341, 3425, 10795
9061, 6, 13879, 18605, 13968, 26799, 3652, 10682
9071, 5, 8139, 15849, 10770, 22480, 3336, 11318
9081, 3, 7281, 14387, 10463, 15812, 1934, 8577
9091, 7, 11368, 25982, 15793, 22205, 2238, 8775
9101, 1, 5196, 11855, 6349, 11359, 1870, 8751
9111, 2, 6535, 15378, 10276, 14674, 2169, 8820
9121, 1, 5135, 11280, 9323, 11620, 1914, 8702
9131, 2, 8348, 12514, 8509, 14994, 1921, 8963
9141, 5, 8167, 19778, 11927, 17773, 2433, 8327
9151, 7, 10237, 25667, 22043, 29141, 2381, 9082
9161, 3, 8782, 13067, 8194, 13480, 3541, 10648
9171, 1, 5423, 11490, 9628, 12046, 1857, 8678
9181, 5, 11610, 16692, 12732, 24068, 3884, 11219
9191, 3, 7163, 15427, 8103, 16283, 1958, 8851
9201, 4, 8356, 16517, 12427, 17576, 2220, 8636
9211, 3, 6726, 15901, 11809, 14210, 1917, 8800
9221, 4, 10147, 14437, 9501, 18637, 3446, 10465
9231, 2, 6302, 14904, 9171, 16228, 1998, 8630
9241, 3, 6652, 13774, 9275, 15277, 2365, 8973
9251, 4, 8073, 18733, 15479, 16796, 3650, 10655
9261, 2, 8348, 12353, 10640, 13261, 3375, 10760
9271, 3, 10776, 18391, 11413, 16804, 2330, 9201
9281, 3, 8005, 15854, 11584, 20091, 3901, 10380
9291, 4, 8156, 15394, 15347, 17063, 3424, 11043
9301, 4, 10014, 17889, 9270, 16207, 2274, 9034
9311, 4, 7351, 17236, 9640, 19680, 3658, 12108
9321, 3, 8420, 16032, 11834, 21143, 3467, 11596
9331, 5, 9865, 18394, 14222, 25147, 2047, 9004
9341, 7, 10910, 20551, 15992, 30013, 3927, 11122
9351, 4, 7950, 16025, 16033, 17960, 3546, 10398
9361, 4, 11512, 15886, 11933, 17953, 2095, 8880
9371, 10, 13009, 31869, 19981, 37911, 5345, 14723
9381, 3, 6693, 12928, 8024, 16818, 1954, 8862
9391, 3, 6604, 15713, 9112, 14408, 4332, 12880
9401, 4, 7550, 15481, 11785, 19761, 3555, 10980
9411, 2, 5819, 12628, 8325, 13174, 4300, 12075
9421, 4, 6904, 14396, 12544, 15852, 2045, 8842
9431, 4, 11864, 16349, 11740, 17566, 3478, 10809
9441, 9, 13900, 35344, 22477, 29415, 4150, 10327
9451, 8, 10929, 26721, 20571, 22878, 2235, 8497
9461, 1, 6400, 11905, 7345, 12665, 3174, 11664
9471, 7, 10730, 19693, 16164, 23016, 4896, 12363
9481, 5, 9668, 18560, 18830, 26429, 2057, 8913
9491, 5, 12405, 17264, 13268, 24666, 3634, 10734
9501, 2, 6179, 12936, 8881, 14276, 3450, 11150
9511, 4, 7576, 14924, 10649, 16070, 1840, 8764
9521, 8, 10871, 26824, 15301, 23338, 4564, 12560
9531, 5, 8940, 21371, 17066, 18187, 3910, 12217
9541, 5, 11733, 16561, 12306, 22497, 2220, 9013
9551, 6, 10197, 18895, 13544, 20359, 3732, 10542
9561, 0, 4004, 10515, 4882, 10319, 1635, 9166
9571, 6, 9652, 18643, 13985, 19828, 4109, 11112
9581, 6, 9392, 17748, 16676, 24310, 3843, 11236
9591, 5, 13183, 17413, 19760, 19772, 2206, 8974
9601, 3, 7050, 13996, 11186, 15564, 3313, 10968
9611, 6, 9585, 17788, 13160, 19543, 3587, 10697
9621, 1, 5108, 11909, 6937, 11806, 1844, 8918
9631, 7, 9440, 18683, 13257, 20731, 3309, 10926
9641, 2, 6271, 12957, 8497, 13897, 1847, 8887
9651, 2, 6947, 12721, 8587, 13822, 3172, 10986
9661, 2, 5570, 12164, 7205, 12760, 1977, 8520
9671, 7, 10365, 20224, 16037, 22667, 4507, 12284
9681, 9, 11627, 22390, 20082, 34749, 4281, 11860
9691, 7, 10505, 19889, 15976, 21704, 2229, 8788
9701, 6, 8919, 17753, 12087, 19949, 3210, 10084
9711, 0, 4294, 9804, 4922, 10251, 1796, 8999
9721, 2, 6747, 12800, 8123, 13621, 1929, 9153
9731, 5, 9799, 18639, 14546, 20459, 2019, 8871
9741, 6, 10164, 19386, 15454, 21695, 2040, 8856
9751, 2, 6338, 13172, 9241, 14362, 3525, 10705
9761, 4, 8379, 16165, 12041, 17755, 2025, 8919
9771, 1, 5451, 11641, 7043, 12065, 1882, 9118
9781, 4, 7023, 14469, 9489, 15427, 2036, 8803
9791, 3, 7096, 13723, 10962, 15353, 3460, 10636
9801, 3, 6831, 14399, 9984, 15214, 1904, 8826
9811, 1, 5496, 11653, 7406, 12365, 1686, 8963
9821, 8, 12387, 22658, 19670, 25857, 3708, 11071
9831, 4, 7980, 15451, 15918, 17057, 3819, 10634
9841, 7, 9904, 19388, 17648, 20984, 3946, 12001
9851, 2, 9779, 14102, 9682, 16831, 3331, 10252
9861, 6, 9701, 19142, 13892, 19686, 3475, 10785
9871, 6, 9015, 17797, 11841, 24510, 3676, 11679
9881, 4, 8454, 16917, 11853, 23388, 2009, 8450
9891, 3, 7445, 14632, 10723, 16078, 3124, 11154
9901, 3, 7102, 17564, 16462, 16068, 1874, 8980
9911, 7, 10632, 20336, 14905, 22991, 4222, 11930
9921, 4, 6748, 14013, 8566, 14974, 3264, 10933
9931, 5, 9399, 17417, 13696, 20080, 2008, 8899
9941, 0, 3949, 9939, 4772, 10464, 2061, 9326
9951, 3, 7155, 14319, 12754, 14983, 3181, 10513
9961, 6, 12829, 18053, 14301, 20569, 3232, 11896
9971, 2, 8875, 12898, 8100, 13761, 2198, 9006
9981, 3, 6903, 16745, 9437, 14811, 2157, 8957
9991, 3, 7906, 15122, 11509, 15880, 3773, 10709
10001, 4, 7801, 16559, 16282, 18111, 1951, 9032
10011, 6, 14629, 19823, 15663, 22292, 2105, 9031
10021, 3, 7075, 14475, 9262, 15569, 4362, 12436
10031, 7, 11867, 22367, 23809, 24409, 3969, 11471
10041, 3, 9394, 13362, 8938, 14701, 3525, 10827
10051, 2, 6617, 15793, 12394, 16687, 3030, 11352
10061, 5, 11034, 15170, 10422, 21560, 3649, 10643
10071, 4, 6891, 17953, 13581, 16293, 3513, 11101
10081, 7, 15442, 20645, 17084, 30935, 4027, 10184
10091, 0, 3885, 9740, 7204, 9719, 1586, 8690
10101, 4, 10985, 16242, 13632, 18904, 2111, 9320
10111, 6, 9281, 18416, 12155, 20289, 3525, 10813
10121, 2, 6221, 13034, 8361, 13429, 1856, 8983
10131, 5, 8287, 17429, 10530, 18124, 3525, 11188
10141, 1, 5080, 11756, 6927, 12198, 1835, 9172
10151, 7, 10491, 20131, 14275, 21172, 3601, 10718
10161, 4, 7651, 15265, 11020, 16557, 2058, 9132
10171, 7, 10727, 20266, 15373, 22954, 4421, 13603
10181, 3, 7643, 14889, 10518, 16453, 1960, 9194
10191, 5, 8048, 17306, 11700, 17929, 3602, 10706
10201, 4, 7399, 15607, 11241, 16788, 3789, 11620
10211, 7, 11062, 19722, 15974, 23039, 3459, 11343
10221, 4, 7133, 14584, 8842, 18653, 1822, 8937
10231, 4, 7868, 16176, 11914, 22446, 1790, 8404
10241, 4, 8351, 17632, 13978, 19081, 3905, 11384
10251, 2, 6183, 12775, 8334, 13263, 3257, 10589
10261, 9, 12195, 23753, 17849, 25486, 4919, 13336
10271, 3, 7136, 14464, 10283, 16071, 1917, 8693
10281, 6, 9001, 18671, 13500, 21058, 3926, 12008
10291, 8, 10629, 21649, 15403, 23751, 4595, 13169
10301, 7, 10070, 19419, 13522, 21010, 4478, 12809
10311, 5, 9593, 18362, 20279, 21135, 4028, 11925
10321, 6, 11449, 16412, 11306, 18701, 3795, 11331
10331, 2, 5976, 12529, 8483, 13215, 2001, 8804
10341, 4, 7533, 15313, 10821, 17664, 1946, 8521
10351, 5, 7558, 15979, 10020, 17331, 3491, 10535
10361, 5, 9199, 17310, 13228, 19609, 3571, 10899
10371, 5, 9201, 17647, 15298, 19841, 3777, 11184
10381, 2, 6027, 12543, 8259, 13567, 3546, 11040
10391, 2, 6052, 13068, 8182, 13620, 2056, 9021
10401, 5, 9823, 17524, 13052, 20008, 4179, 13109
10411, 3, 7381, 14847, 10505, 16087, 1955, 9003
10421, 5, 8034, 16709, 12623, 17860, 3846, 12613
10431, 5, 7870, 16448, 11186, 17451, 2092, 8920
10441, 3, 6717, 13420, 8850, 15398, 2039, 8569
10451, 6, 9354, 18797, 14349, 20612, 3724, 11100
10461, 8, 11189, 22316, 16761, 23255, 3631, 11289
10471, 7, 8807, 18301, 13791, 19930, 4381, 13576
10481, 1, 5197, 11906, 7190, 12019, 2920, 11235
10491, 5, 9749, 18694, 15152, 20080, 2093, 8737
10501, 5, 10594, 18968, 15569, 20406, 4395, 13585
10511, 5, 10347, 18459, 11575, 18632, 3525, 11732
10521, 2, 6448, 13888, 9698, 14459, 1954, 8631
10531, 2, 5355, 11974, 7084, 12398, 1768, 8805
10541, 7, 11071, 20552, 15779, 22193, 3492, 10586
10551, 5, 8015, 17409, 12340, 18712, 4093, 11695
10561, 4, 7475, 14729, 9680, 15908, 1916, 8878
10571, 7, 10850, 20967, 15646, 23542, 3925, 11444
10581, 1, 5343, 11844, 7651, 12675, 1900, 8709
10591, 4, 7780, 15694, 11175, 17027, 1886, 8913
10601, 4, 7492, 15212, 10391, 16610, 3479, 10660
10611, 3, 6699, 13495, 8288, 14565, 1918, 8865
10621, 2, 6859, 13127, 8400, 13843, 1992, 8730
10631, 2, 5301, 12740, 7187, 12681, 1902, 8427
10641, 4, 7657, 15826, 10514, 16744, 3870, 11341
10651, 3, 7134, 14324, 10401, 15403, 3090, 10434
10661, 2, 5592, 12745, 8363, 13365, 1955, 8475
10671, 2, 5915, 12719, 8585, 13657, 1993, 8506
10681, 6, 9590, 19317, 21722, 21952, 4393, 10738
10691, 7, 12008, 22247, 17567, 24281, 3683, 11399
10701, 3, 7657, 16129, 11677, 18367, 2417, 8949
10711, 5, 8609, 17083, 17415, 18897, 3983, 12202
10721, 1, 7274, 11014, 6104, 11524, 1829, 8874
10731, 4, 7646, 18976, 10699, 17125, 4233, 12220
10741, 7, 10070, 19346, 18859, 21968, 3956, 12135
10751, 4, 11317, 15774, 11972, 17220, 2414, 8776
10761, 1, 5275, 11388, 9240, 12351, 1838, 8644
10771, 5, 11997, 16759, 12798, 18948, 3533, 10554
10781, 3, 7833, 15105, 11570, 17923, 2240, 8589
10791, 5, 8159, 16304, 15326, 17867, 1941, 9296
10801, 7, 12297, 20199, 20223, 23422, 4241, 12222
10811, 3, 10106, 13855, 9915, 14971, 1875, 8686
10821, 1, 5181, 11179, 6860, 12043, 1732, 8641
10831, 1, 5281, 11849, 6984, 12519, 1753, 8448
10841, 4, 8090, 16014, 11729, 18094, 2025, 9096
10851, 5, 8920, 21454, 12621, 18981, 2113, 8619
10861, 2, 5225, 12369, 7073, 12832, 3913, 10967
10871, 5, 9134, 17304, 17915, 19246, 1927, 8389
10881, 1, 7902, 11448, 7907, 12704, 1672, 8826
10891, 5, 8411, 16422, 12348, 17694, 3733, 11794
10901, 4, 8079, 16443, 14181, 18225, 2303, 8754
10911, 1, 7015, 11242, 8736, 11273, 1760, 8932
10921, 6, 11750, 16471, 11507, 18647, 2463, 8643
10931, 3, 7555, 17757, 14758, 15846, 1821, 8247
10941, 5, 10861, 15679, 11142, 17153, 3675, 11683
10951, 8, 11286, 21500, 16094, 25210, 4117, 11790
10961, 5, 8118, 17098, 11267, 18666, 3485, 10903
10971, 4, 7075, 14204, 10263, 16419, 3745, 11797
10981, 2, 6031, 12488, 8051, 13177, 1830, 8980
10991, 3, 6699, 14037, 8846, 14690, 1804, 8961
11001, 2, 5868, 12310, 7741, 13330, 3195, 10793
11011, 4, 7715, 15778, 11195, 17091, 3909, 11686
11021, 1, 5301, 11784, 9647, 12120, 2978, 11126
11031, 2, 5956, 12690, 7633, 13077, 2894, 10719
11041, 7, 10234, 20407, 15329, 21730, 3306, 10105
11051, 4, 8316, 16917, 12793, 19359, 1828, 8715
11061, 4, 7527, 14930, 10512, 16798, 1921, 8465
11071, 1, 5891, 12333, 8691, 13198, 1909, 8859
11081, 7, 8525, 16522, 10376, 18352, 4797, 13089
11091, 1, 5395, 11540, 7918, 12045, 2555, 9323
11101, 5, 9749, 22622, 12408, 17769, 2531, 8819
11111, 8, 11076, 20367, 22066, 23773, 3840, 10786
11121, 6, 13638, 18826, 15130, 21542, 3466, 10821
11131, 3, 7252, 13824, 10421, 15379, 1967, 8703
11141, 8, 10334, 20072, 13372, 21237, 4179, 12359
11151, 4, 8208, 15616, 12214, 17798, 3513, 10849
11161, 4, 8738, 17140, 16646, 18677, 3565, 10885
11171, 6, 12625, 17914, 11873, 25103, 3741, 11863
11181, 5, 9669, 18027, 14451, 19589, 1931, 8644
11191, 4, 7858, 16095, 10641, 17971, 2022, 8637
11201, 8, 10269, 20189, 16252, 23549, 4236, 12902
11211, 5, 9094, 16854, 12734, 18834, 3490, 10482
11221, 9, 12960, 26451, 22718, 28415, 4986, 14739
11231, 5, 8831, 16737, 12122, 20017, 2041, 9193
11241, 5, 8820, 17683, 12463, 18688, 3883, 11547
11251, 4, 8653, 17123, 12726, 18805, 2171, 9325
11261, 7, 9880, 19651, 13963, 21354, 3687, 11246
11271, 5, 8797, 16926, 11715, 18483, 2191, 9230
11281, 4, 9623, 17759, 13274, 18943, 3495, 10824
11291, 1, 5641, 11255, 6554, 11890, 1818, 9193
11301, 6, 10178, 17115, 13265, 18999, 4069, 11957
11311, 5, 9250, 18289, 15219, 21182, 3647, 11109
11321, 6, 9848, 18470, 13622, 20731, 3878, 10368
11331, 2, 5602, 12202, 6886, 12625, 3225, 10789
11341, 2, 5933, 12829, 7785, 13362, 2148, 8804
11351, 5, 9097, 17272, 13861, 21676, 2245, 9145
11361, 2, 7497, 13462, 9736, 14549, 3417, 10889
11371, 3, 6808, 13745, 9464, 15852, 3627, 11198
11381, 3, 6508, 13055, 8557, 14439, 1868, 8556
11391, 6, 9574, 17668, 15923, 20051, 3887, 10547
11401, 0, 3880, 9878, 7240, 10016, 1839, 8803
11411, 6, 14342, 19832, 17260, 22697, 2069, 9078
11421, 7, 10414, 19548, 13573, 21228, 2257, 8901
11431, 2, 5913, 14784, 8345, 13490, 3139, 11428
11441, 2, 6426, 13089, 8720, 14563, 1953, 8664
11451, 4, 7979, 15395, 11732, 16483, 3163, 10787
11461, 2, 6029, 12624, 10041, 14084, 1950, 9023
11471, 6, 9222, 16755, 11903, 19137, 3453, 10873
11481, 3, 6613, 13665, 9314, 15037, 1837, 8268
11491, 5, 9407, 18180, 14449, 20146, 3402, 10549
11501, 7, 10087, 19707, 32247, 24780, 4765, 13702
11511, 5, 8487, 16208, 11340, 17739, 3797, 10913
11521, 2, 5845, 13172, 9648, 13924, 1933, 8873
11531, 6, 8933, 18420, 13287, 19777, 4311, 12202
11541, 5, 9693, 18479, 14223, 26326, 3753, 10673
11551, 3, 6486, 13879, 8088, 14696, 3480, 11577
11561, 3, 7887, 16067, 11649, 17084, 2023, 8879
11571, 6, 9636, 19220, 15323, 21340, 3959, 11689
11581, 2, 7121, 13682, 9849, 14662, 1839, 8934
11591, 6, 8201, 16816, 11125, 17913, 4045, 12178
11601, 3, 6903, 13585, 8121, 16384, 3313, 10781
11611, 3, 7678, 14663, 10912, 16242, 1953, 8829
11621, 6, 9162, 23138, 14327, 20054, 3343, 10664
11631, 6, 9589, 17985, 12914, 20487, 5516, 14770
11641, 1, 5541, 11711, 7490, 12893, 1861, 8871
11651, 3, 6376, 13160, 8495, 14077, 3139, 10981
11661, 5, 8252, 15696, 10224, 17898, 4563, 12140
11671, 8, 11391, 19678, 15341, 23218, 4383, 12137
11681, 3, 6904, 14116, 9259, 15425, 2027, 8599
11691, 4, 8179, 15554, 11293, 16653, 3224, 10279
11701, 1, 5914, 12428, 8596, 13103, 1448, 8715
11711, 4, 7750, 15121, 10119, 17103, 2127, 8915
11721, 5, 8705, 17050, 12534, 17702, 2145, 8496
11731, 7, 11457, 21929, 17063, 23736, 4586, 15037
11741, 5, 8547, 17898, 11772, 18500, 3559, 11021
11751, 3, 6449, 13524, 9499, 14817, 3779, 11643
11761, 6, 9770, 18286, 21153, 20630, 4230, 12877
11771, 4, 9468, 16077, 12581, 18654, 2018, 9726
11781, 4, 9130, 15640, 11982, 17560, 2019, 8917
11791, 2, 6582, 12936, 8661, 13983, 3366, 10284
11801, 4, 7453, 15054, 10480, 16380, 1944, 8778
11811, 5, 9308, 17490, 14272, 19121, 3382, 10532
11821, 2, 5903, 12692, 7897, 13251, 1683, 8899
11831, 2, 5588, 11832, 7057, 12382, 1826, 8995
11841, 6, 10187, 19139, 15406, 22341, 3887, 10894
11851, 5, 8082, 16094, 11059, 18118, 3406, 10659
11861, 8, 12035, 22870, 17713, 24735, 4015, 11942
11871, 5, 8625, 16578, 12920, 18966, 4191, 11451
11881, 4, 8360, 16195, 12070, 17785, 3846, 11055
11891, 2, 5993, 12853, 7956, 13316, 2011, 8842
11901, 7, 11489, 22206, 24965, 24292, 3494, 10477
11911, 7, 10960, 20744, 27343, 24150, 4305, 12085
11921, 2, 6694, 12728, 8450, 13925, 2019, 9158
11931, 3, 6094, 13385, 8257, 14169, 3802, 13536
11941, 4, 8125, 16158, 12746, 17734, 3844, 10942
11951, 5, 9228, 18307, 15020, 21588, 1931, 9039
11961, 3, 6672, 14307, 8785, 15326, 1799, 9099
11971, 5, 8913, 16920, 13113, 19010, 4371, 13095
11981, 3, 7338, 13750, 8505, 14412, 2121, 8730
11991, 5, 10143, 18491, 14299, 19952, 3555, 10546
12001, 4, 7148, 14015, 8987, 15570, 3169, 10280
12011, 4, 7968, 15273, 10453, 16452, 3568, 10815
12021, 9, 12309, 23735, 19969, 26798, 4548, 12416
12031, 7, 11374, 20481, 16309, 22620, 4373, 12607
12041, 5, 8140, 16228, 10956, 17305, 2070, 9411
12051, 4, 9009, 17316, 13261, 18661, 3522, 10891
12061, 3, 7713, 15370, 17756, 17034, 1891, 9012
12071, 5, 8740, 17135, 14006, 20065, 2114, 9064
12081, 5, 9505, 17637, 12886, 19600, 3617, 11280
12091, 5, 8721, 17155, 12329, 19050, 3267, 11258
12101, 4, 7805, 15382, 10613, 16384, 3303, 10909
12111, 2, 6396, 13214, 9135, 14228, 3306, 10799
12121, 3, 7075, 14140, 9952, 15390, 3681, 10874
12131, 3, 6827, 14116, 8729, 14626, 3751, 12199
12141, 6, 9264, 17838, 12488, 18706, 2116, 8831
12151, 7, 9293, 18736, 13374, 22057, 3873, 12002
12161, 4, 8285, 20673, 19494, 18151, 3160, 10843
12171, 2, 6725, 13850, 9922, 14443, 2038, 8973
12181, 3, 7264, 14656, 10452, 15600, 4679, 13531
12191, 4, 8560, 15275, 9710, 16788, 3573, 11010
12201, 4, 7715, 15939, 10359, 17049, 3531, 11353
12211, 31, 32227, 84591, 69667, 63834, 5824, 14116
12221, 19, 20104, 51081, 30027, 41412, 6482, 16619
12231, 12, 14942, 27543, 23001, 32155, 4114, 12447
12241, 15, 17454, 43884, 25988, 36436, 5463, 15523
12251, 22, 23424, 40639, 44293, 60906, 5940, 13599
12261, 19, 20021, 36717, 31131, 42405, 5222, 13768
12271, 19, 21723, 37419, 33226, 45472, 7550, 19661
12281, 17, 19266, 34935, 31157, 42816, 5836, 14176
12291, 20, 20703, 39226, 29673, 41364, 4675, 10618
12301, 17, 17323, 30921, 25618, 36654, 4676, 12929
12311, 23, 31671, 39747, 32745, 46097, 5890, 19307
12321, 20, 22785, 37269, 32169, 44173, 5632, 14627
12331, 20, 19396, 37139, 30536, 41905, 7587, 17767
12341, 18, 19006, 32574, 32246, 38615, 5445, 13281
12351, 18, 18302, 33975, 28586, 39310, 4854, 11171
12361, 23, 24881, 45100, 39859, 53027, 6409, 14697
12371, 23, 25844, 43834, 53463, 51050, 5780, 18222
12381, 20, 25977, 43393, 38675, 48958, 4624, 10581
12391, 11, 13418, 24487, 19346, 27810, 4726, 14030
12401, 5, 8919, 17390, 12891, 19049, 2317, 9126
12411, 19, 20533, 35903, 32509, 42711, 5196, 14777
12421, 18, 19620, 34126, 29912, 41523, 5898, 15881
12431, 14, 16020, 27609, 22864, 46233, 5694, 15013
12441, 18, 17675, 32451, 24729, 35198, 5787, 15913
12451, 18, 19672, 39371, 29854, 40001, 6913, 15937
12461, 21, 22389, 39728, 33690, 46628, 6127, 14813
12471, 19, 19435, 37123, 29194, 39899, 5954, 15168
12481, 23, 25393, 42202, 37724, 49478, 5351, 12033
12491, 13, 14929, 29445, 23390, 33035, 4716, 12309
12501, 17, 19935, 35468, 31837, 41682, 4218, 11335
12511, 18, 21424, 35444, 32733, 49304, 5904, 13465
12521, 24, 26147, 47452, 42659, 56566, 5596, 14092
12531, 18, 21140, 36560, 33110, 44049, 5916, 13927
12541, 15, 16585, 29890, 25160, 35449, 5214, 12918
12551, 15, 16523, 29627, 23393, 48438, 5169, 13293
12561, 19, 20967, 37678, 31305, 42635, 5015, 12965
12571, 20, 23616, 40177, 43736, 46376, 5681, 12927
12581, 12, 17167, 28337, 21372, 32003, 4502, 11906
12591, 27, 28914, 45360, 40189, 55146, 6544, 15138
12601, 18, 20450, 34127, 28768, 40447, 6561, 15544
12611, 22, 22120, 39937, 33613, 44519, 6137, 16110
12621, 27, 27209, 47879, 41858, 54651, 5466, 13294
12631, 16, 19191, 43783, 25097, 37051, 4599, 11437
12641, 20, 29426, 43595, 38426, 52787, 6457, 16261
12651, 17, 19796, 34378, 30342, 41247, 5359, 14060
12661, 12, 14648, 26614, 23756, 30073, 4392, 12837
12671, 22, 25150, 43452, 45433, 49267, 6641, 16086
12681, 20, 20318, 36028, 40347, 45031, 4644, 12109
12691, 23, 29787, 40755, 33204, 45692, 7313, 19422
12701, 15, 18421, 35283, 26337, 34108, 5139, 12740
12711, 28, 27006, 49699, 42295, 58187, 6951, 16279
12721, 22, 24600, 42942, 37688, 52100, 6716, 15297
12731, 20, 21158, 38038, 31207, 42820, 4908, 13643
12741, 13, 15292, 27267, 21590, 32091, 4928, 12818
12751, 16, 16841, 29411, 23952, 35317, 4680, 12083
12761, 15, 18168, 33060, 29726, 40357, 4389, 12761
12771, 17, 18657, 32717, 28337, 39697, 4384, 11263
12781, 12, 16853, 29575, 36087, 34648, 5159, 13178
12791, 19, 21975, 39722, 32107, 45159, 4585, 11120
12801, 19, 18567, 33475, 27990, 38823, 5110, 12932
12811, 18, 18810, 36227, 28056, 40125, 6106, 15038
12821, 6, 9951, 18449, 13818, 20781, 3642, 11507
12831, 19, 19356, 34832, 30857, 42407, 6609, 17356
12841, 19, 22854, 38801, 37184, 45906, 4940, 12427
12851, 20, 21610, 39997, 32678, 43820, 5792, 13905
12861, 20, 22183, 38693, 33977, 45325, 5354, 14542
12871, 18, 21960, 38413, 34046, 44595, 5742, 17352
12881, 19, 20556, 33775, 28356, 38766, 4623, 12035
12891, 20, 19845, 35832, 30424, 42596, 5683, 16672
12901, 24, 28703, 46942, 41740, 54894, 6263, 13983
12911, 19, 21263, 54708, 33906, 47080, 5166, 11874
12921, 15, 17522, 31484, 24946, 35376, 4957, 12404
12931, 24, 24585, 39739, 32802, 48176, 3296, 9297
12941, 23, 24449, 43204, 36868, 49393, 6135, 14859
12951, 20, 21703, 37453, 32440, 45184, 5233, 13753
12961, 19, 26395, 35218, 37788, 50783, 6256, 14489
12971, 17, 19194, 34660, 29538, 40480, 5774, 15287
12981, 21, 24145, 44597, 39941, 50842, 7860, 21589
12991, 16, 17173, 42536, 26225, 36060, 5658, 14910
13001, 14, 16242, 29042, 23611, 34132, 5171, 15838
13011, 22, 25800, 43088, 39267, 52415, 5913, 13797
13021, 16, 19026, 35084, 27441, 38515, 5938, 16777
13031, 19, 23364, 39855, 33672, 43300, 6884, 15390
13041, 13, 14844, 26895, 28442, 30979, 5232, 14330
13051, 11, 20014, 36953, 23496, 30979, 5275, 12826
13061, 7, 10905, 18536, 12584, 21952, 3694, 11199
13071, 12, 15707, 28146, 23522, 33387, 5283, 13333
13081, 14, 16282, 29809, 23474, 33763, 4704, 12298
13091, 12, 14032, 24990, 19819, 28445, 4361, 10880
13101, 21, 24553, 38763, 32889, 43801, 5457, 13548
13111, 16, 20594, 36199, 32778, 43241, 4330, 11610
13121, 20, 23039, 40637, 35226, 47902, 5986, 14133
13131, 19, 20867, 37119, 32284, 42460, 6031, 14002
13141, 21, 22388, 39372, 32694, 44943, 6994, 16848
13151, 18, 19712, 36935, 30349, 41284, 5113, 13883
13161, 17, 18573, 38855, 36217, 39295, 6308, 14769
13171, 20, 24367, 40213, 54832, 46566, 4126, 11611
13181, 13, 15252, 28140, 20909, 30478, 4289, 12193
13191, 22, 21844, 38774, 33471, 46915, 5494, 14431
13201, 13, 16731, 29347, 24283, 35418, 4690, 12788
13211, 21, 21289, 38433, 36182, 44740, 4811, 12206
13221, 14, 15668, 27410, 22986, 33140, 3725, 11636
13231, 14, 19652, 28982, 27365, 34850, 5020, 13130
13241, 11, 13746, 25248, 21307, 29992, 4528, 12481
13251, 20, 21977, 37752, 33954, 44419, 7504, 16647
13261, 15, 16292, 30325, 30649, 33700, 4745, 11796
13271, 22, 32119, 40964, 37301, 51748, 5643, 14391
13281, 19, 20242, 36520, 30103, 43705, 4736, 12070
13291, 14, 15347, 28149, 23205, 32312, 4429, 14202
13301, 18, 24283, 41940, 35936, 44789, 4847, 13302
13311, 9, 11964, 21084, 16169, 24463, 4148, 12294
13321, 18, 20545, 35432, 30362, 41512, 5479, 13998
13331, 13, 14627, 26480, 20323, 29885, 4524, 13273
13341, 16, 17000, 30554, 25423, 39440, 4811, 12718
13351, 14, 17232, 32078, 26819, 36691, 3967, 11543
13361, 17, 20044, 34796, 30478, 39412, 4873, 12809
13371, 21, 25172, 49068, 39176, 49373, 5578, 13984
13381, 20, 23264, 39892, 35449, 46836, 4831, 12553
13391, 17, 20296, 36170, 33410, 40359, 4571, 13518
13401, 19, 22634, 39459, 43999, 44313, 5552, 12722
13411, 22, 20833, 37515, 37444, 44655, 5276, 12467
13421, 14, 16383, 29417, 24476, 33105, 4219, 12035
13431, 18, 19354, 35235, 33283, 41825, 4787, 12054
13441, 16, 17669, 31529, 36338, 37833, 5227, 14641
13451, 19, 21032, 39021, 31534, 43141, 4592, 12200
13461, 24, 28435, 49533, 55940, 57256, 5757, 14630
13471, 22, 21654, 38089, 41971, 45112, 4690, 11888
13481, 17, 18720, 33226, 27951, 41387, 4520, 12017
13491, 23, 22745, 40962, 41317, 50504, 5495, 14060
13501, 17, 18450, 31869, 47962, 38869, 5342, 15312
13511, 11, 12708, 23727, 19099, 28212, 5416, 14715
13521, 15, 17656, 32539, 36680, 36695, 5234, 14946
13531, 21, 27165, 40401, 36349, 50259, 6042, 16876
13541, 14, 16791, 31644, 34822, 34308, 4359, 12229
13551, 10, 12905, 33246, 19766, 27147, 3856, 10744
13561, 14, 15617, 28011, 26442, 34410, 5683, 13233
13571, 15, 16629, 30117, 24208, 50108, 5657, 15236
13581, 14, 16004, 43686, 24205, 35556, 5366, 16119
13591, 20, 19312, 35092, 29598, 41625, 5906, 14562
13601, 14, 16222, 28546, 40187, 33705, 5937, 16242
13611, 15, 17281, 31763, 28237, 37556, 4413, 12036
13621, 12, 15113, 27306, 22800, 31058, 4257, 11626
13631, 14, 16685, 28923, 24781, 37202, 2687, 9005
13641, 15, 15742, 28613, 23525, 47877, 4052, 10796
13651, 13, 16673, 29306, 23701, 33340, 5139, 13353
13661, 13, 16645, 41759, 37297, 34739, 4133, 11927
13671, 17, 18021, 31663, 25386, 37520, 4654, 11844
13681, 16, 17253, 32220, 27068, 38291, 4389, 12012
13691, 14, 15584, 38901, 23172, 32703, 5073, 11758
13701, 25, 24462, 42783, 48434, 60934, 7011, 16936
13711, 11, 14415, 24078, 18940, 29154, 4096, 11844
13721, 15, 17688, 33126, 26890, 36688, 5234, 14023
13731, 22, 24343, 42994, 39582, 50216, 5365, 13366
13741, 15, 19036, 36958, 40308, 39439, 3855, 10567
13751, 25, 22984, 43099, 37115, 51952, 6309, 16083
13761, 38, 34425, 63575, 63282, 80440, 7949, 18351
13771, 42, 39882, 70167, 71083, 83230, 8349, 25823
13781, 33, 30177, 52845, 44799, 66487, 7730, 18362
13791, 33, 31743, 55963, 49931, 66879, 6806, 17297
13801, 36, 34739, 62026, 59768, 76121, 8290, 20929
13811, 36, 34670, 59421, 73112, 109274, 8011, 18432
13821, 41, 37515, 66736, 78282, 76746, 6489, 14598
13831, 36, 31424, 55042, 58200, 63853, 7094, 16790
13841, 34, 29327, 81159, 43713, 62272, 6824, 16742
13851, 35, 30086, 55351, 58685, 64920, 6423, 14979
13861, 32, 30824, 56386, 50913, 66519, 8846, 22650
13871, 31, 27747, 51261, 42221, 57695, 7152, 17775
13881, 31, 30482, 53315, 47637, 69136, 6906, 16388
13891, 39, 37418, 65750, 60922, 81327, 9040, 21202
13901, 30, 28492, 48164, 40329, 58346, 5781, 14372
13911, 28, 26720, 45556, 59969, 55765, 6007, 13235
13921, 38, 32613, 57297, 51026, 78084, 7940, 17618
13931, 32, 31007, 51080, 66108, 60142, 5203, 13590
13941, 35, 32512, 56453, 69408, 67429, 6920, 18151
13951, 32, 33203, 58737, 58123, 62825, 6939, 13914
13961, 27, 24135, 43154, 37386, 49711, 7222, 17467
13971, 37, 38866, 60632, 53432, 80888, 7635, 16754
13981, 39, 33128, 60895, 48972, 69507, 8860, 21140
13991, 36, 33039, 58388, 50329, 69830, 5382, 14740
14001, 38, 32837, 57100, 58610, 65233, 7581, 18801
14011, 31, 33778, 55163, 48807, 63900, 6785, 15670
14021, 35, 34467, 61587, 57266, 107115, 5882, 13665
14031, 40, 39214, 65365, 68134, 77245, 7089, 15337
14041, 36, 33094, 57238, 62354, 68446, 9649, 22193
14051, 25, 26862, 45366, 41885, 52589, 6818, 17001
14061, 22, 22550, 45096, 40041, 43863, 4879, 12773
14071, 32, 41517, 51417, 47832, 61413, 7039, 15323
14081, 36, 34529, 60389, 54176, 69301, 7760, 18122
14091, 39, 35200, 58619, 78674, 70187, 9046, 16844
14101, 35, 33085, 60651, 55025, 68380, 7684, 17897
14111, 41, 52080, 64902, 73341, 122430, 6484, 14073
14121, 40, 39514, 68789, 90665, 130021, 7728, 22349
14131, 31, 29847, 49107, 43052, 62556, 7884, 24989
14141, 34, 30985, 83300, 48025, 93883, 6859, 16279
14151, 29, 28727, 73907, 58013, 61093, 6588, 19027
14161, 23, 23203, 41269, 35253, 62910, 6073, 15474
14171, 38, 33641, 61226, 51636, 74046, 6826, 16606
14181, 42, 38191, 68159, 59859, 83887, 8554, 17158
14191, 42, 34294, 59795, 74686, 74199, 7560, 18115
14201, 42, 38815, 68959, 66551, 82355, 7607, 17791
14211, 34, 34610, 58615, 80649, 69582, 8834, 20655
14221, 44, 38671, 69087, 57399, 80485, 8275, 20983
14231, 38, 35977, 63691, 61727, 76334, 10301, 23449
14241, 30, 32854, 50893, 54117, 56334, 6337, 17826
14251, 49, 42979, 76729, 86623, 90268, 7615, 16837
14261, 34, 33972, 57357, 64843, 70910, 7303, 17906
14271, 33, 32304, 55836, 49892, 72443, 8969, 17901
14281, 31, 27278, 48638, 38930, 56811, 7711, 19534
14291, 35, 32421, 56234, 61648, 67937, 6570, 14836
14301, 22, 23762, 40999, 37079, 50401, 4297, 11035
14311, 44, 40469, 67234, 61495, 84567, 6767, 15216
14321, 54, 45275, 87070, 93735, 94182, 9455, 23027
14331, 62, 58013, 98281, 109291, 114011, 10911, 25586
14341, 45, 39832, 74048, 66661, 86065, 8394, 14792
14351, 42, 38028, 65330, 56770, 76498, 8771, 19049
14361, 46, 42243, 69168, 75894, 82262, 5770, 12882
14371, 51, 46661, 76778, 66996, 94152, 7830, 18309
14381, 56, 47975, 91478, 87999, 106822, 10002, 23750
14391, 56, 47418, 79924, 68499, 96357, 9215, 19745
14401, 45, 39241, 66024, 95086, 78177, 7915, 19684
14411, 59, 48192, 94708, 77620, 106156, 8698, 17252
14421, 55, 49078, 83544, 101019, 99942, 11261, 23968
14431, 49, 46171, 78465, 70929, 91311, 7087, 16553
14441, 52, 47235, 73316, 64728, 89765, 9354, 21747
14451, 50, 43265, 72292, 64274, 86637, 11180, 35875
14461, 57, 52795, 89119, 82587, 105895, 10520, 20993
14471, 69, 62577, 101116, 134580, 122087, 11691, 25482
14481, 44, 52713, 69091, 73331, 83070, 7104, 19687
14491, 57, 45489, 80733, 66227, 106206, 10565, 22338
14501, 53, 48248, 81089, 74011, 98225, 9030, 19909
14511, 44, 40186, 70427, 73700, 80870, 7677, 17879
14521, 49, 42861, 73362, 76782, 90496, 8953, 22901
14531, 51, 48056, 80923, 130809, 99379, 9611, 26330
14541, 53, 46096, 78204, 66166, 145882, 9006, 18624
14551, 56, 47466, 81857, 78493, 96835, 9575, 20499
14561, 65, 78646, 98633, 136381, 117633, 12636, 23754
14571, 54, 44921, 76757, 101338, 96641, 7896, 17235
14581, 51, 58876, 82780, 90775, 99199, 7474, 16096
14591, 49, 45775, 78788, 70648, 96221, 6686, 15039
14601, 42, 38653, 65008, 73980, 82851, 8183, 18128
14611, 48, 41442, 76812, 77032, 84022, 10690, 24966
14621, 47, 43639, 70727, 66262, 87563, 7702, 16795
14631, 55, 49997, 81316, 75312, 102896, 10284, 22975
14641, 55, 48215, 109066, 95651, 98150, 9003, 20283
14651, 54, 65250, 128145, 89933, 102162, 10332, 23050
14661, 51, 45923, 81573, 101385, 102212, 10734, 22134
14671, 49, 47912, 84847, 77107, 97123, 8510, 19552
14681, 63, 53390, 96318, 85966, 116229, 11499, 27472
14691, 62, 53313, 91063, 90227, 114309, 8360, 17411
14701, 77, 63376, 109175, 122532, 132294, 12150, 26598
14711, 60, 50512, 89927, 94322, 162176, 11931, 21101
14721, 61, 52796, 141999, 120884, 109391, 9089, 19321
14731, 72, 61199, 105682, 107271, 125772, 13922, 29019
14741, 67, 55648, 99429, 85072, 117509, 11719, 34711
14751, 78, 66494, 112260, 123133, 144123, 13474, 30079
14761, 75, 69717, 117054, 130724, 139005, 10754, 19701
14771, 69, 57501, 102125, 157451, 126279, 11300, 23282
14781, 83, 72509, 131009, 127505, 149460, 12896, 27595
14791, 63, 53248, 98073, 107033, 106594, 10382, 22597
14801, 56, 46757, 125141, 88312, 104816, 9702, 21861
14811, 70, 60271, 107009, 108629, 127700, 11964, 25806
14821, 62, 50406, 85749, 90252, 110340, 9061, 18337
14831, 62, 55794, 100521, 107454, 116724, 11663, 25722
14841, 74, 64552, 106678, 133803, 130898, 10867, 22339
14851, 82, 76487, 156128, 124674, 140929, 13016, 31014
14861, 76, 65841, 114392, 106558, 143728, 10124, 21257
14871, 64, 60837, 97710, 108182, 117771, 13002, 31148
14881, 62, 53319, 89166, 112733, 108757, 11121, 24526
14891, 63, 54580, 92908, 127360, 113065, 8643, 17289
14901, 66, 53758, 97382, 102359, 109946, 10783, 23074
14911, 70, 66428, 109436, 102855, 139700, 12595, 30316
14921, 72, 66005, 105939, 145102, 124747, 12186, 25869
14931, 58, 52049, 85921, 97069, 105843, 8854, 19579
14941, 84, 76603, 123716, 128491, 145702, 10344, 19487
14951, 87, 71447, 118836, 193431, 155383, 13907, 29489
14961, 72, 59499, 109101, 145780, 122463, 11565, 25489
14971, 67, 56535, 99639, 104943, 118122, 13914, 29866
14981, 107, 89723, 149623, 214129, 231239, 13965, 28125
14991, 95, 78511, 129555, 143108, 166432, 13421, 28184
15001, 89, 75602, 129062, 172820, 160022, 13465, 27053
15011, 96, 80076, 149431, 185707, 175264, 15790, 28990
15021, 84, 71899, 127513, 167831, 156938, 14266, 31030
15031, 88, 78456, 128871, 171558, 162773, 16082, 35413
15041, 89, 74220, 124323, 118125, 152603, 15739, 28920
15051, 92, 84266, 137320, 184335, 171473, 16863, 33629
15061, 91, 74481, 140219, 187263, 154241, 14717, 33583
15071, 112, 91171, 165409, 207850, 207688, 12109, 20252
15081, 100, 80001, 140086, 243030, 170513, 17785, 40179
15091, 108, 80841, 149656, 165336, 172221, 13963, 27980
15101, 94, 81988, 143283, 185552, 186079, 14044, 29627
15111, 104, 88311, 148123, 195051, 176665, 16570, 38532
15121, 104, 85757, 163435, 155103, 178228, 14817, 28121
15131, 89, 74946, 134246, 138327, 155762, 13948, 32042
15141, 138, 116448, 189997, 271214, 232773, 17375, 31371
15151, 123, 131028, 167654, 213241, 202038, 16591, 31159
15161, 116, 95170, 163196, 193996, 204272, 20336, 38351
15171, 107, 85717, 144582, 152444, 181255, 16781, 45168
15181, 114, 133068, 164235, 187688, 196360, 14875, 30610
15191, 109, 87761, 204256, 240582, 188721, 15687, 31559
15201, 133, 103259, 181780, 310093, 226872, 19317, 36783
15211, 115, 97947, 166275, 175022, 217736, 16630, 32928
15221, 141, 112139, 196870, 242052, 233980, 22385, 51879
15231, 134, 110748, 198225, 226308, 319486, 18180, 37358
15241, 121, 107703, 177054, 183235, 276267, 18764, 38221
15251, 139, 115881, 199401, 304568, 234829, 21550, 33897
15261, 154, 121702, 217995, 305868, 262147, 21482, 44285
15271, 152, 120558, 214542, 302105, 258248, 25312, 47380
15281, 124, 100162, 172650, 272752, 217516, 15749, 29967
15291, 154, 131481, 215304, 324572, 272739, 19473, 40053
15301, 147, 118901, 197582, 386836, 248758, 18656, 49158
15311, 151, 127383, 222441, 341465, 266442, 19980, 39040
15321, 157, 130874, 225855, 319762, 266280, 21048, 40840
15331, 157, 131455, 241047, 245588, 267147, 24165, 48899
15341, 176, 145542, 263010, 374132, 303767, 21289, 39078
15351, 157, 129207, 229463, 293860, 313402, 21512, 58294
15361, 158, 119504, 224835, 248404, 258542, 20214, 39765
15371, 137, 114028, 194569, 274266, 242338, 18689, 39729
15381, 167, 138161, 234793, 374598, 282007, 24785, 49811
15391, 164, 136095, 236718, 422001, 282214, 20802, 37054
15401, 164, 134176, 251175, 303197, 346606, 25843, 43117
15411, 154, 135164, 217636, 308463, 258336, 19396, 35431
15421, 178, 151025, 244667, 333363, 294201, 24288, 56803
15431, 171, 150039, 251778, 289790, 301135, 26102, 42879
15441, 190, 164872, 276842, 315549, 340117, 28189, 65259
15451, 189, 153866, 270219, 522790, 342692, 28837, 54720
15461, 165, 142928, 248194, 423149, 289721, 25508, 51713
15471, 164, 137893, 234631, 317319, 291744, 23349, 48370
15481, 193, 168788, 282581, 500429, 384662, 20765, 34318
15491, 226, 180377, 309818, 446168, 391128, 28873, 54132
15501, 194, 157464, 284856, 411301, 343452, 23965, 48019
15511, 193, 218089, 271404, 475075, 341154, 28109, 51044
15521, 192, 160618, 274329, 488974, 333043, 25360, 46447
15531, 220, 173055, 311265, 460870, 376821, 33144, 58056
15541, 256, 206788, 344915, 564055, 415941, 33009, 63113
15551, 228, 185417, 320653, 539537, 410920, 28686, 53494
15561, 218, 189982, 311243, 390127, 419332, 26380, 46575
15571, 221, 191231, 326561, 766286, 560701, 31526, 63739
15581, 220, 180747, 315316, 619959, 393096, 34758, 69648
15591, 241, 204220, 337280, 626440, 405033, 29122, 70056
15601, 241, 193469, 346783, 469615, 410183, 29436, 55649
15611, 245, 199305, 343697, 712862, 425601, 33846, 60685
15621, 243, 204469, 342758, 514301, 429856, 30345, 57232
15631, 255, 233143, 379165, 731331, 445454, 31992, 63297
15641, 271, 237328, 411895, 832181, 479638, 35026, 68628
15651, 246, 227174, 363576, 665213, 447482, 35711, 67005
15661, 297, 238549, 421205, 715764, 647823, 40641, 76093
15671, 308, 268781, 428008, 678975, 534417, 35118, 63463
15681, 332, 344080, 457560, 1041123, 551693, 41350, 75208
15691, 310, 244205, 437038, 796009, 546457, 37294, 71064
15701, 339, 265857, 506497, 1019299, 573345, 49279, 129562
15711, 309, 254641, 424971, 964529, 555800, 33832, 57440
15721, 334, 287376, 488145, 1044113, 585070, 37644, 69689
15731, 398, 323194, 556945, 849538, 658992, 46969, 88277
15741, 395, 313099, 730723, 1042350, 672282, 47531, 87788
15751, 398, 370163, 567439, 1491199, 821930, 49713, 85109
15761, 402, 344070, 567198, 1071899, 679428, 48529, 84689
15771, 403, 322103, 547108, 1074308, 687614, 50095, 93928
15781, 443, 350390, 604259, 927645, 726919, 55153, 99837
15791, 450, 364256, 636494, 1463815, 771411, 58954, 124577
15801, 526, 421350, 701670, 1494016, 895518, 67900, 121166
15811, 529, 428092, 751813, 1468379, 892522, 76175, 126480
15821, 540, 424602, 739144, 1510447, 962979, 65877, 114782
15831, 517, 415565, 691683, 1627365, 857392, 52936, 91563
15841, 635, 522969, 876394, 1986011, 1217485, 81440, 147870
15851, 752, 821809, 1029461, 2519468, 1263573, 76507, 146949
15861, 715, 566505, 1128745, 2025390, 1183023, 80727, 150585
15871, 782, 685146, 1062217, 2832494, 1307883, 92744, 177241
15881, 747, 601894, 1014768, 2747314, 1265697, 90664, 164040
15891, 833, 664646, 1126898, 3390205, 1382140, 86554, 153350
15901, 927, 746982, 1506537, 3586420, 1554036, 102488, 190204
15911, 983, 796712, 1340240, 3632712, 1814120, 122108, 219282
15921, 1148, 978401, 1768206, 5595319, 2105681, 175533, 345809
15931, 1300, 1178880, 1957433, 5726820, 2285198, 159708, 274512
15941, 1704, 1422872, 2389686, 8248570, 3085222, 207497, 360882
15951, 2540, 2092656, 3816744, 12244901, 4447652, 310575, 570051
