1285,591,440,456,430,412,407,326,327,330,248,207,226,203,317,368,211,192,205,237,223,196,214,184,184,199,234,220,208,213,213,203,250,215,340,254,211,186,200,322,214,190,217,188,353,291,225,206,240,220,238,212,228,211,328,332,341,200,221,198,207,194,199,187,201,354,215,222,230,208,240,209,239,203,355,378,331,186,205,227,236,218,225,201,200,237,219,202,205,219,259,215,234,209,348,243,212,197,213,207,230,215,236,207,218,359,251,224,212,220,226,254,231,329,207,372,214,217,292,228,219,218,227,222,225,228,218,243,209,234,224,221,233,377,217,369,271,218,222,219,230,217,246,195,239,215,223,211,211,220,206,214,209,193,9778,317,281,298,229,238,226,226,217,207,221,220,248,217,256,220,228,229,236,194,329,348,232,209,211,214,226,229,208,193,208,220,238,209,215,240,231,246,16619,394,412,304,270,288,235,330,281,247,255,245,346,233,205,234,215,360,391,14567,399,327,389,262,277,293,228,321,299,269,270,13870,368,329,255,310,228,396,373,253,241,219,324,241,220,240,219,300,253,242,286,224,385,210,201,244,197,207,326,209,268,209,207,202,212,217,223,310,270,248,249,234,236,234,215,220,218,201,244,218,243,246,212,215,213,199,219,228,243,227,264,217,253,205,223,198,7242,306,331,289,260,251,372,251,7010,266,236,224,241,304,263,240,219,248,221,235,206,202,7127,279,263,290,298,263,232,223,189,197,372,266,246,213,215,232,206,213,219,203,6880,338,304,243,339,264,214,223,199,212,235,248,227,216,208,234,211,200,217,208,246,237,223,271,216,227,210,182,182,181,208,245,225,222,201,256,218,204,203,201,232,265,248,232,214,238,201,199,187,194,221,233,257,222,231,216,244,217,208,200,240,233,240,209,199,230,210,206,182,223,276,232,223,212,205,197,7942,295,266,228,364,260,257,233,201,7200,384,229,206,261,301,268,258,260,239,237,248,204,209,7137,404,277,287,277,259,275,236,235,208,7087,413,347,282,253,6708,321,303,230,228,261,314,279,252,251,214,239,213,198,199,195,234,265,248,246,220,260,215,218,245,212,356,228,247,224,214,269,205,229,200,196,242,227,235,252,210,227,208,203,205,200,360,217,228,222,231,301,227,212,207,185,220,220,225,271,239,314,206,201,203,209,365,237,282,223,230,228,212,197,187,183,223,235,223,225,211,219,227,198,208,209,218,238,235,327,203,331,202,179,193,184,290,231,264,223,229,228,223,204,210,226,356,236,232,275,323,293,253,232,210,210,8437,276,287,396,333,357,229,203,224,203,258,300,260,209,203,219,196,193,185,190,332,214,223,375,210,215,203,214,221,7773,276,281,383,329,359,337,273,273,235,232,266,331,247,279,278,245,331,272,251,219,372,273,357,265,405,296,252,221,210,235,251,231,272,254,218,246,204,195,197,189,231,225,258,240,221,218,221,202,189,7430,319,293,260,341,246,287,224,211,219,230,304,264,257,268,238,7465,340,275,214,226,373,273,252,260,238,383,221,198,7058,258,401,325,231,250,473,311,221,220,216,197,229,7018,357,263,354,346,235,235,203,216,247,247,264,232,221,223,217,228,239,201,229,228,230,219,214,255,217,223,209,214,279,240,203,264,243,236,215,210,205,213,240,243,348,220,234,239,218,203,224,206,246,241,234,262,224,240,212,220,222,189,234,221,235,199,210,222,208,182,187,185,418,233,242,189,243,296,207,204,235,182,332,209,208,253,210,223,204,190,185,209,373,211,212,232,251,248,218,204,210,237,218,250,236,358,228,229,228,200,209,186,211,218,227,263,260,266,221,208,207,209,254,7904,388,309,311,297,234,228,198,203,361,247,217,273,200,338,219,206,195,208,221,239,253,232,220,7118,359,212,240,194,371,273,242,305,227,242,285,223,6796,6793,428,345,269,287,255,396,206,195,194,207,234,236,220,328,200,375,236,209,222,6779,375,429,248,268,232,362,218,208,195,211,259,237,241,232,221,389,201,189,190,187,337,6979,494,293,343,303,245,216,206,181,327,233,222,394,227,228,200,205,215,194,255,6875,7251,309,430,308,252,231,212,215,405,269,267,350,264,385,255,207,198,199,433,266,259,243,6965,385,303,221,223,212,358,288,267,319,256,248,214,212,220,253,315,238,285,266,215,342,198,215,209,219,236,230,260,293,232,226,229,198,205,202,338,259,230,383,254,355,207,199,194,221,266,228,235,233,212,288,202,215,184,187,331,227,226,408,247,343,214,202,205,194,254,249,233,240,219,344,211,183,179,177,440,222,254,203,226,271,198,192,189,189,250,265,247,216,215,225,235,202,200,191,226,265,210,336,215,360,191,187,195,8194,370,374,265,275,231,341,269,211,202,204,237,264,254,227,216,338,234,201,193,179,211,214,209,226,193,251,205,246,229,199,251,229,231,263,196,350,198,191,183,185,227,219,217,339,197,205,201,186,220,202,249,229,256,227,217,200,209,204,204,200,210,222,234,399,225,11369,339,251,229,260,361,301,312,295,228,349,222,207,211,214,258,238,254,243,241,229,242,315,262,237,307,319,270,310,249,253,215,203,227,206,246,241,249,251,220,268,215,220,212,205,362,375,243,264,220,251,213,206,205,202,239,217,244,212,215,242,219,205,202,293,253,366,247,256,248,231,224,203,214,238,361,280,245,259,248,254,228,204,235,219,241,251,251,246,221,250,230,218,206,204,367,310,256,266,242,245,227,213,208,206,261,362,229,257,258,236,225,210,210,16350,439,338,295,279,276,271,243,285,318,246,271,241,253,349,234,20386,347,257,237,213,296,320,268,274,216,240,226,208,213,206,272,339,235,217,198,376,207,200,189,191,223,211,232,197,203,213,253,237,218,207,238,220,292,244,220,372,207,188,187,185,225,367,245,240,205,253,229,29924,25374,301,297,366,264,247,220,373,204,184,185,217,235,350,232,230,243,217,215,238,213,222,229,361,254,268,210,334,225,215,207,222,351,212,294,249,226,230,213,209,214,16455,310,397,263,263,236,373,225,236,208,216,240,242,222,379,223,341,376,340,327,404,337,18397,330,280,395,287,225,227,207,384,251,236,240,244,189,336,222,192,187,216,259,273,235,270,284,273,234,213,210,254,253,228,256,252,244,226,213,210,222,231,239,22488,337,305,430,295,227,225,218,366,258,272,235,248,232,385,237,218,265,241,9583,323,294,299,395,340,246,211,208,276,380,251,254,353,237,349,216,233,214,247,233,219,217,324,391,351,233,221,199,221,225,218,246,261,227,239,222,209,220,236,414,355,239,333,195,350,227,199,197,218,242,228,267,227,237,219,226,224,203,224,245,370,338,266,202,364,209,191,188,225,264,270,7892,7077,330,327,252,222,204,397,307,491,320,263,229,396,220,217,207,265,296,230,248,242,267,420,14946,323,348,328,326,405,281,291,256,393,264,212,230,240,250,370,223,215,235,342,202,207,191,215,220,379,255,223,249,286,267,219,237,207,235,346,225,216,197,348,235,221,212,287,277,273,247,234,226,249,6725,275,236,286,343,323,245,295,237,323,225,209,205,237,255,6887,424,307,305,317,269,229,211,289,286,395,244,372,334,223,207,202,193,233,236,356,241,250,266,304,235,212,220,225,224,227,227,350,207,375,186,184,194,205,245,219,224,214,245,268,222,213,216,229,295,357,7117,297,387,333,227,233,216,240,358,375,220,348,190,370,186,214,204,206,266,355,264,226,231,225,212,221,193,208,237,351,229,206,196,364,208,180,186,220,217,219,6570,298,379,229,212,222,215,372,371,240,282,218,246,299,220,206,206,241,246,216,226,218,207,202,204,190,187,351,230,221,234,213,211,368,231,195,222,225,255,215,239,207,192,210,7013,295,231,367,323,239,289,369,215,283,205,193,178,322,325,205,216,199,192,336,190,6709,256,227,337,261,255,231,219,223,218,192,191,224,223,227,259,6534,330,372,199,180,181,325,355,211,230,6733,395,291,237,192,255,381,6902,334,320,56634,418,443,233,241,205,296,426,248,304,338,240,338,221,196,205,8785,329,267,255,411,389,340,223,283,210,371,352,239,245,239,247,229,225,204,208,227,341,209,242,362,331,371,220,232,205,275,396,231,268,241,244,340,203,193,177,341,355,213,254,356,214,233,202,208,188,254,238,227,233,277,343,220,248,189,191,204,225,206,203,207,182,379,9639,270,227,281,453,245,289,280,385,309,227,200,190,365,358,253,247,227,217,291,228,215,263,237,248,208,246,221,215,266,203,209,199,347,355,222,226,206,213,300,214,272,201,225,262,230,242,377,201,223,197,231,189,275,218,223,220,213,201,345,202,248,217,235,238,222,232,365,334,224,211,195,237,215,368,230,246,216,222,230,209,201,226,227,326,208,224,380,326,385,211,214,206,211,225,222,234,248,251,243,227,212,207,271,249,220,233,207,199,223,191,191,190,233,250,202,225,230,227,247,263,213,217,225,320,261,249,221,211,237,207,194,206,227,234,258,223,342,199,258,224,218,203,239,249,225,224,226,204,260,211,204,235,214,218,221,307,372,235,208,212,220,255,242
463234780
6531,5515,5860,5161,5124,5304,5112,5180,5134,5275,5543,5016,4738,5439,5243,4627,4981,5298,5046,4662,4526,4868,4674,5009,4511,4676,4913,4705,4772,4869,5188,5323,4778,4681,4608,4438,4755,5213,4721,4774,5517,4568,5139,5122,4744,4705,4655,4726,4772,4495,4749,4721,4950,4737,4818,4887,5404,4717,5392,4627,4650,5513,4913,5360,5008,5059,5179,4680,4992,5256,5102,4795,4259,4547,4720,5143,4716,4742,4570,4660,4544,4917,4876,5023,4636,4405,4296,4374,4677,4599,4472,4611,4644,4725,4584,5027,5079,4495,4548,4293,4215,4392,4431,4656,4522,5230,4753,4852,4990,4688,4575,4452,4566,4635,7490,4632,4851,4524,4654,4491,4948,5040,4914,4506,4616,4277,4561,4680,4743,4375,4356,4906,4656,4900,4416,4718,4913,4728,4392,4463,5122,4530,4853,4790,4656,4292,4590,4642,4853,4580,4696,4880,4725,4961,4368,5003,4650,5049,4592,4626,4510,4641,4740,4626,4511,4531,5024,4489,4725,4666,4598,4706,4440,4868,4588,4631,4963,4807,4670,4476,4450,5318,4751,4655,4522,4888,4664,4942,4674,4883,4650,4933,5391,5135,4902,4719,4802,4725,4708,4490
93174,121265,77290,74921,80128,74194,73571,72291,74705,79166,74249,73992,80276,80164,73248,73647,75486,74064,70907,72431,72074,72482,73199,70991,72167,71214,72501,72356,71146,74364,75724,71302,70454,70034,70259,70485,73089,72212,71184,72676,70085,70622,72153,73417,71936,71410,72496,69662,70832,70529,73342,72546,70646,72566,71743,72578,73587,79726,72184,72349,77311,76808,73322,73365,74158,71837,74501,72814,73068,74757,71470,71339,69188,69460,70187,70734,69939,71601,70520,72311,73080,73053,75165,71104,72505,70390,69781,70213,69144,70159,70629,69560,71426,71438,72735,74739,74248,70463,70131,70809,70664,70171,72661,71045,76754,76332,76256,72172,72132,71757,70905,71896,70793,73018,71008,73771,69809,70119,70770,69982,75897,71571,69943,71461,70062,68609,69405,71670,71394,71294,71082,73152,70964,69695,72700,71721,72310,70100,71954,70753,69340,72609,70631,69475,72162,69609,71517,74394,72435,71120,71616,72537,73147,71779,72261,72180,74442,70732,70489,70835,73175,72234,72615,72032,71296,73369,72851,71263,72220,70979,71045,70714,71719,72608,73565,73802,73053,71930,71026,70601,72715,73618,69833,72020,71053,71937,72976,73462,71654,74351,74161,74081,76380,70441,70269,70865,71077,70677,71645,75688
14573,14363,13887,14635,13901,15171,12635,14010,13401,13559,13065,13431,12463,13525,14646,13767,14080,14673,13627,15186,13642,14189,13710,14225,14126,14051,13626,14500,13921,14218,13886,15588,13799,14823,12509,14048,14770,14458,14583,14637,13738,15364,12898,13665,12579,15378,13891,14858,13030,15888,14244,15887,14606,15208,13978,15779,13815,15443,13060,14793,14219,15228,12946,14576,13200,15612,14008,15547,13986,15370,13926,14545,13903,14764,13882,15008,14055,14992,14821,16078,14273,14572,13441,14667,13697,14702,13005,14080,13975,14599,14033,14031,12823,15282,13332,14622,13918,16249,15348,14690,13999,15481,13964,14913,14463,15500,13762,15380,14195,15164,13779,13860,13267,14285,14326,14133,13239,15558,14018,14370,13605,15343,13801,14130,12769,14867,14148,14827,14512,15278,13665,14428,13910,15595,13365,15633,14751,15601,14889,15717,13895,15761,13945,15791,13952,16171,14465,16139,14604,16119,14204,15078,13946,16536,15869,16532,15577,15637,15082,16148,13409,15046,14933,16479,15363,16272,14512,15648,14848,15294,14585,16610,13990,16359,14282,15100,15785,16795,15972,16426,15392,16187,14842,16161,13631,17147,15453,17892,15657,15899,14685,17417,16078,17063,14747,16553,16002,16392,15382,16485
125313,134704,129966,131914,133635,131694,128151,131194,130103,133130,134414,136814,132857,131156,130568,137785,126723,133656,130094,133737
60135,61483,60596,59436,59454,57689,60885,61569,61954,60960,61222,59617,58742,57247,59609,58643,62062,61074,60822,60034
1350,1170,1483,1230,1183,1079,1050,1232,1146,1078,1009,1022,1007,1124,1034,902,963,986,926,911
21065,19081,19944,18832,19988,20203,17267,19635,18824,19182,18832,18971,19037,19106,20076,18513,19533,18952,18611,19108,19206,18768,19207,19133,20714,19231,20257,18825,19840,19253,19182,19397,19739,18829,18434,18273,19840,18288,19396,18100,19155,18760,18817,17938,18447,19355,19117,18623,18278,19474,20125,19561,20032,19795,20109,19478,19366,18795,18587,18981,19665,19626,18991,18884,18818,19309,19257,18834,18947,19863,20170,18530,19711,18903,19814,19442,19889,18396,20803,19700,20056,18513,19527,18407,19029,18250,18278,17307,19333,18903,19564,18243,19220,19577,19401,18666,20883,20361,20314,17950,20217,19321,20406,18699,20182,20026,20029,18842,19047,18932,19242,18130,19188,18027,19979,18380,18634,19436,19872,18204,19699,18911,19903,18690,18535,18651,19272,18555,21100,18796,18827,18918,20128,20314,18832,20167,19583,19902,19872,19600,20014,19821,20817,20101,19581,19612,20519,19720,20322,19422,20193,19351,20700,20091,22352,20811,20981,19695,20378,19502,19501,19448,21087,20575,21725,20155,20455,20207,21436,18916,19893,20692,20719,20908,20722,19133,21546,20926,22979,20591,21976,20172,20451,20764,20739,21425,21585,21164,21309,20552,21411,20844,22388,21210,20308,21149,21827,19653,21460,21195
5951,5419,5651,5758,5116,5351,5575,5699,5681,5945,7020,6141,5670,5926,5678,5809,5897,6083,5909,5609
663,450,399,343,369,356,353,308,330,387,332,389,357,353,341,332,295,282,275,344
